<?xml version="1.0" encoding="ISO-8859-1"?> 
<?xml-stylesheet href="latest_ob.xsl" type="text/xsl"?>
<current_observation version="1.0"
	 xmlns:xsd="http://www.w3.org/2001/XMLSchema"
	 xmlns:xsi="http://www.w3.org/2001/XMLSchema-instance"
	 xsi:noNamespaceSchemaLocation="http://www.weather.gov/view/current_observation.xsd">
	<credit>NOAA's National Weather Service</credit>
	<credit_URL>http://weather.gov/</credit_URL>
	<image>
		<url>http://weather.gov/images/xml_logo.gif</url>
		<title>NOAA's National Weather Service</title>
		<link>http://weather.gov</link>
	</image>
	<suggested_pickup>15 minutes after the hour</suggested_pickup>
	<suggested_pickup_period>60</suggested_pickup_period>
	<location>Unknown Station</location>
	<station_id>CWAR</station_id>
	<observation_time>Last Updated on Jan 23 2013, 12:00 pm ST </observation_time>
        <observation_time_rfc822>Wed, 23 Jan 2013 12:00:00 +0000</observation_time_rfc822>
	<weather>Windy</weather>
	<temperature_string>22.0 F (-5.6 C)</temperature_string>
	<temp_f>22.0</temp_f>
	<temp_c>-5.6</temp_c>
	<relative_humidity>73</relative_humidity>
	<wind_string>from the West at 29.9 gusting to 36.8 MPH (26 gusting to 32 KT)</wind_string>
	<wind_dir>West</wind_dir>
	<wind_degrees>260</wind_degrees>
	<wind_mph>29.9</wind_mph>
	<wind_gust_mph>36.8</wind_gust_mph>
	<wind_kt>26</wind_kt>
	<wind_gust_kt>32</wind_gust_kt>
	<pressure_string>1002.6 mb</pressure_string>
	<pressure_mb>1002.6</pressure_mb>
	<dewpoint_string>14.5 F (-9.7 C)</dewpoint_string>
	<dewpoint_f>14.5</dewpoint_f>
	<dewpoint_c>-9.7</dewpoint_c>
	<windchill_string>4 F (-16 C)</windchill_string>
      	<windchill_f>4</windchill_f>
      	<windchill_c>-16</windchill_c>
 	<icon_url_base>http://forecast.weather.gov/images/wtf/small/</icon_url_base>
	<two_day_history_url>http://www.weather.gov/data/obhistory/CWAR.html</two_day_history_url>
	<icon_url_name>wind.png</icon_url_name>
	<ob_url>http://www.weather.gov/data/METAR/CWAR.1.txt</ob_url>
	<disclaimer_url>http://weather.gov/disclaimer.html</disclaimer_url>
	<copyright_url>http://weather.gov/disclaimer.html</copyright_url>
	<privacy_policy_url>http://weather.gov/notice.html</privacy_policy_url>
</current_observation>
