<?xml version="1.0" encoding="ISO-8859-1"?> 
<?xml-stylesheet href="latest_ob.xsl" type="text/xsl"?>
<current_observation version="1.0"
	 xmlns:xsd="http://www.w3.org/2001/XMLSchema"
	 xmlns:xsi="http://www.w3.org/2001/XMLSchema-instance"
	 xsi:noNamespaceSchemaLocation="http://www.weather.gov/view/current_observation.xsd">
	<credit>NOAA's National Weather Service</credit>
	<credit_URL>http://weather.gov/</credit_URL>
	<image>
		<url>http://weather.gov/images/xml_logo.gif</url>
		<title>NOAA's National Weather Service</title>
		<link>http://weather.gov</link>
	</image>
	<suggested_pickup>15 minutes after the hour</suggested_pickup>
	<suggested_pickup_period>60</suggested_pickup_period>
	<location>Unknown Station</location>
	<station_id>CWBY</station_id>
	<observation_time>Last Updated on Jan 23 2013, 12:00 pm ST </observation_time>
        <observation_time_rfc822>Wed, 23 Jan 2013 12:00:00 +0000</observation_time_rfc822>
	<temperature_string>-2.0 F (-19.1 C)</temperature_string>
	<temp_f>-2.0</temp_f>
	<temp_c>-19.1</temp_c>
	<relative_humidity>81</relative_humidity>
	<wind_string>from the Northwest at 11.5 gusting to 17.3 MPH (10 gusting to 15 KT)</wind_string>
	<wind_dir>Northwest</wind_dir>
	<wind_degrees>300</wind_degrees>
	<wind_mph>11.5</wind_mph>
	<wind_gust_mph>17.3</wind_gust_mph>
	<wind_kt>10</wind_kt>
	<wind_gust_kt>15</wind_gust_kt>
	<pressure_string>997.8 mb</pressure_string>
	<pressure_mb>997.8</pressure_mb>
	<dewpoint_string>-6.9 F (-21.6 C)</dewpoint_string>
	<dewpoint_f>-6.9</dewpoint_f>
	<dewpoint_c>-21.6</dewpoint_c>
	<windchill_string>-20 F (-29 C)</windchill_string>
      	<windchill_f>-20</windchill_f>
      	<windchill_c>-29</windchill_c>
	<two_day_history_url>http://www.weather.gov/data/obhistory/CWBY.html</two_day_history_url>
	<ob_url>http://www.weather.gov/data/METAR/CWBY.1.txt</ob_url>
	<disclaimer_url>http://weather.gov/disclaimer.html</disclaimer_url>
	<copyright_url>http://weather.gov/disclaimer.html</copyright_url>
	<privacy_policy_url>http://weather.gov/notice.html</privacy_policy_url>
</current_observation>
