<?xml version="1.0" encoding="ISO-8859-1"?> 
<?xml-stylesheet href="latest_ob.xsl" type="text/xsl"?>
<current_observation version="1.0"
	 xmlns:xsd="http://www.w3.org/2001/XMLSchema"
	 xmlns:xsi="http://www.w3.org/2001/XMLSchema-instance"
	 xsi:noNamespaceSchemaLocation="http://www.weather.gov/view/current_observation.xsd">
	<credit>NOAA's National Weather Service</credit>
	<credit_URL>http://weather.gov/</credit_URL>
	<image>
		<url>http://weather.gov/images/xml_logo.gif</url>
		<title>NOAA's National Weather Service</title>
		<link>http://weather.gov</link>
	</image>
	<suggested_pickup>15 minutes after the hour</suggested_pickup>
	<suggested_pickup_period>60</suggested_pickup_period>
	<location>Unknown Station</location>
	<station_id>CWDZ</station_id>
	<observation_time>Last Updated on Jan 23 2013, 12:00 pm ST </observation_time>
        <observation_time_rfc822>Wed, 23 Jan 2013 12:00:00 +0000</observation_time_rfc822>
	<temperature_string>9.0 F (-12.7 C)</temperature_string>
	<temp_f>9.0</temp_f>
	<temp_c>-12.7</temp_c>
	<relative_humidity>80</relative_humidity>
	<wind_string>Southeast at 9.2 MPH (8 KT)</wind_string>
	<wind_dir>Southeast</wind_dir>
	<wind_degrees>140</wind_degrees>
	<wind_mph>9.2</wind_mph>
	<wind_kt>8</wind_kt>
	<pressure_string>1027.6 mb</pressure_string>
	<pressure_mb>1027.6</pressure_mb>
	<dewpoint_string>4.1 F (-15.5 C)</dewpoint_string>
	<dewpoint_f>4.1</dewpoint_f>
	<dewpoint_c>-15.5</dewpoint_c>
	<windchill_string>-4 F (-20 C)</windchill_string>
      	<windchill_f>-4</windchill_f>
      	<windchill_c>-20</windchill_c>
	<two_day_history_url>http://www.weather.gov/data/obhistory/CWDZ.html</two_day_history_url>
	<ob_url>http://www.weather.gov/data/METAR/CWDZ.1.txt</ob_url>
	<disclaimer_url>http://weather.gov/disclaimer.html</disclaimer_url>
	<copyright_url>http://weather.gov/disclaimer.html</copyright_url>
	<privacy_policy_url>http://weather.gov/notice.html</privacy_policy_url>
</current_observation>
