<?xml version="1.0" encoding="ISO-8859-1"?> 
<?xml-stylesheet href="latest_ob.xsl" type="text/xsl"?>
<current_observation version="1.0"
	 xmlns:xsd="http://www.w3.org/2001/XMLSchema"
	 xmlns:xsi="http://www.w3.org/2001/XMLSchema-instance"
	 xsi:noNamespaceSchemaLocation="http://www.weather.gov/view/current_observation.xsd">
	<credit>NOAA's National Weather Service</credit>
	<credit_URL>http://weather.gov/</credit_URL>
	<image>
		<url>http://weather.gov/images/xml_logo.gif</url>
		<title>NOAA's National Weather Service</title>
		<link>http://weather.gov</link>
	</image>
	<suggested_pickup>15 minutes after the hour</suggested_pickup>
	<suggested_pickup_period>60</suggested_pickup_period>
	<location>Unknown Station</location>
	<station_id>CWGL</station_id>
	<observation_time>Last Updated on Jul 12 2012, 4:00 pm ST </observation_time>
        <observation_time_rfc822>Thu, 12 Jul 2012 16:00:00 +0000</observation_time_rfc822>
	<temperature_string>74.0 F (23.3 C)</temperature_string>
	<temp_f>74.0</temp_f>
	<temp_c>23.3</temp_c>
	<relative_humidity>73</relative_humidity>
	<wind_string>West at 6.9 MPH (6 KT)</wind_string>
	<wind_dir>West</wind_dir>
	<wind_degrees>250</wind_degrees>
	<wind_mph>6.9</wind_mph>
	<wind_gust_mph>0.0</wind_gust_mph>
	<wind_kt>6</wind_kt>
	<wind_gust_kt>0</wind_gust_kt>
	<pressure_string>1022.2 mb</pressure_string>
	<pressure_mb>1022.2</pressure_mb>
	<pressure_in>0.00</pressure_in>
	<dewpoint_string>64.6 F (18.1 C)</dewpoint_string>
	<dewpoint_f>64.6</dewpoint_f>
	<dewpoint_c>18.1</dewpoint_c>
	<visibility_mi>0.00</visibility_mi>
	<two_day_history_url>http://www.weather.gov/data/obhistory/CWGL.html</two_day_history_url>
	<ob_url>http://www.nws.noaa.gov/data/METAR/CWGL.1.txt</ob_url>
	<disclaimer_url>http://weather.gov/disclaimer.html</disclaimer_url>
	<copyright_url>http://weather.gov/disclaimer.html</copyright_url>
	<privacy_policy_url>http://weather.gov/notice.html</privacy_policy_url>
</current_observation>
