<?xml version="1.0" encoding="ISO-8859-1"?> 
<?xml-stylesheet href="latest_ob.xsl" type="text/xsl"?>
<current_observation version="1.0"
	 xmlns:xsd="http://www.w3.org/2001/XMLSchema"
	 xmlns:xsi="http://www.w3.org/2001/XMLSchema-instance"
	 xsi:noNamespaceSchemaLocation="http://www.weather.gov/view/current_observation.xsd">
	<credit>NOAA's National Weather Service</credit>
	<credit_URL>http://weather.gov/</credit_URL>
	<image>
		<url>http://weather.gov/images/xml_logo.gif</url>
		<title>NOAA's National Weather Service</title>
		<link>http://weather.gov</link>
	</image>
	<suggested_pickup>15 minutes after the hour</suggested_pickup>
	<suggested_pickup_period>60</suggested_pickup_period>
	<location>Unknown Station</location>
	<station_id>CWIP</station_id>
	<observation_time>Last Updated on Jan 23 2013, 6:00 am ST </observation_time>
        <observation_time_rfc822>Wed, 23 Jan 2013 06:00:00 +0000</observation_time_rfc822>
	<temperature_string>-8.0 F (-22.0 C)</temperature_string>
	<temp_f>-8.0</temp_f>
	<temp_c>-22.0</temp_c>
	<wind_string>from the West at 12.7 gusting to 21.9 MPH (11 gusting to 19 KT)</wind_string>
	<wind_dir>West</wind_dir>
	<wind_degrees>280</wind_degrees>
	<wind_mph>12.7</wind_mph>
	<wind_gust_mph>21.9</wind_gust_mph>
	<wind_kt>11</wind_kt>
	<wind_gust_kt>19</wind_gust_kt>
	<windchill_string>-28 F (-33 C)</windchill_string>
      	<windchill_f>-28</windchill_f>
      	<windchill_c>-33</windchill_c>
	<two_day_history_url>http://www.weather.gov/data/obhistory/CWIP.html</two_day_history_url>
	<ob_url>http://www.weather.gov/data/METAR/CWIP.1.txt</ob_url>
	<disclaimer_url>http://weather.gov/disclaimer.html</disclaimer_url>
	<copyright_url>http://weather.gov/disclaimer.html</copyright_url>
	<privacy_policy_url>http://weather.gov/notice.html</privacy_policy_url>
</current_observation>
