<?xml version="1.0" encoding="ISO-8859-1"?> 
<?xml-stylesheet href="latest_ob.xsl" type="text/xsl"?>
<current_observation version="1.0"
	 xmlns:xsd="http://www.w3.org/2001/XMLSchema"
	 xmlns:xsi="http://www.w3.org/2001/XMLSchema-instance"
	 xsi:noNamespaceSchemaLocation="http://www.weather.gov/view/current_observation.xsd">
	<credit>NOAA's National Weather Service</credit>
	<credit_URL>http://weather.gov/</credit_URL>
	<image>
		<url>http://weather.gov/images/xml_logo.gif</url>
		<title>NOAA's National Weather Service</title>
		<link>http://weather.gov</link>
	</image>
	<suggested_pickup>15 minutes after the hour</suggested_pickup>
	<suggested_pickup_period>60</suggested_pickup_period>
	<location>Unknown Station</location>
	<station_id>CWPS</station_id>
	<observation_time>Last Updated on Dec 14 2012, 2:00 pm ST </observation_time>
        <observation_time_rfc822>Fri, 14 Dec 2012 14:00:00 +0000</observation_time_rfc822>
	<temperature_string>108.0 F (42.0 C)</temperature_string>
	<temp_f>108.0</temp_f>
	<temp_c>42.0</temp_c>
	<two_day_history_url>http://www.weather.gov/data/obhistory/CWPS.html</two_day_history_url>
	<ob_url>http://www.weather.gov/data/METAR/CWPS.1.txt</ob_url>
	<disclaimer_url>http://weather.gov/disclaimer.html</disclaimer_url>
	<copyright_url>http://weather.gov/disclaimer.html</copyright_url>
	<privacy_policy_url>http://weather.gov/notice.html</privacy_policy_url>
</current_observation>
