<?xml version="1.0" encoding="ISO-8859-1"?> 
<?xml-stylesheet href="latest_ob.xsl" type="text/xsl"?>
<current_observation version="1.0"
	 xmlns:xsd="http://www.w3.org/2001/XMLSchema"
	 xmlns:xsi="http://www.w3.org/2001/XMLSchema-instance"
	 xsi:noNamespaceSchemaLocation="http://www.weather.gov/view/current_observation.xsd">
	<credit>NOAA's National Weather Service</credit>
	<credit_URL>http://weather.gov/</credit_URL>
	<image>
		<url>http://weather.gov/images/xml_logo.gif</url>
		<title>NOAA's National Weather Service</title>
		<link>http://weather.gov</link>
	</image>
	<suggested_pickup>15 minutes after the hour</suggested_pickup>
	<suggested_pickup_period>60</suggested_pickup_period>
	<location>Unknown Station</location>
	<station_id>CWSD</station_id>
	<observation_time>Last Updated on Jan 23 2013, 12:00 pm ST </observation_time>
        <observation_time_rfc822>Wed, 23 Jan 2013 12:00:00 +0000</observation_time_rfc822>
	<temperature_string>-1.0 F (-18.6 C)</temperature_string>
	<temp_f>-1.0</temp_f>
	<temp_c>-18.6</temp_c>
	<relative_humidity>61</relative_humidity>
	<wind_string>from the West at 16.1 gusting to 25.3 MPH (14 gusting to 22 KT)</wind_string>
	<wind_dir>West</wind_dir>
	<wind_degrees>260</wind_degrees>
	<wind_mph>16.1</wind_mph>
	<wind_gust_mph>25.3</wind_gust_mph>
	<wind_kt>14</wind_kt>
	<wind_gust_kt>22</wind_gust_kt>
	<pressure_string>1007.6 mb</pressure_string>
	<pressure_mb>1007.6</pressure_mb>
	<dewpoint_string>-11.7 F (-24.3 C)</dewpoint_string>
	<dewpoint_f>-11.7</dewpoint_f>
	<dewpoint_c>-24.3</dewpoint_c>
	<windchill_string>-21 F (-29 C)</windchill_string>
      	<windchill_f>-21</windchill_f>
      	<windchill_c>-29</windchill_c>
	<two_day_history_url>http://www.weather.gov/data/obhistory/CWSD.html</two_day_history_url>
	<ob_url>http://www.weather.gov/data/METAR/CWSD.1.txt</ob_url>
	<disclaimer_url>http://weather.gov/disclaimer.html</disclaimer_url>
	<copyright_url>http://weather.gov/disclaimer.html</copyright_url>
	<privacy_policy_url>http://weather.gov/notice.html</privacy_policy_url>
</current_observation>
