<?xml version="1.0" encoding="ISO-8859-1"?> 
<?xml-stylesheet href="latest_ob.xsl" type="text/xsl"?>
<current_observation version="1.0"
	 xmlns:xsd="http://www.w3.org/2001/XMLSchema"
	 xmlns:xsi="http://www.w3.org/2001/XMLSchema-instance"
	 xsi:noNamespaceSchemaLocation="http://www.weather.gov/view/current_observation.xsd">
	<credit>NOAA's National Weather Service</credit>
	<credit_URL>http://weather.gov/</credit_URL>
	<image>
		<url>http://weather.gov/images/xml_logo.gif</url>
		<title>NOAA's National Weather Service</title>
		<link>http://weather.gov</link>
	</image>
	<suggested_pickup>15 minutes after the hour</suggested_pickup>
	<suggested_pickup_period>60</suggested_pickup_period>
	<location>Unknown Station</location>
	<station_id>CWSG</station_id>
	<observation_time>Last Updated on Jan 23 2013, 11:00 am ST </observation_time>
        <observation_time_rfc822>Wed, 23 Jan 2013 11:00:00 +0000</observation_time_rfc822>
	<weather>Breezy</weather>
	<temperature_string>-10.0 F (-23.4 C)</temperature_string>
	<temp_f>-10.0</temp_f>
	<temp_c>-23.4</temp_c>
	<relative_humidity>76</relative_humidity>
	<wind_string>from the Southwest at 23.0 gusting to 29.9 MPH (20 gusting to 26 KT)</wind_string>
	<wind_dir>Southwest</wind_dir>
	<wind_degrees>230</wind_degrees>
	<wind_mph>23.0</wind_mph>
	<wind_gust_mph>29.9</wind_gust_mph>
	<wind_kt>20</wind_kt>
	<wind_gust_kt>26</wind_gust_kt>
	<pressure_string>1006.7 mb</pressure_string>
	<pressure_mb>1006.7</pressure_mb>
	<dewpoint_string>-15.5 F (-26.4 C)</dewpoint_string>
	<dewpoint_f>-15.5</dewpoint_f>
	<dewpoint_c>-26.4</dewpoint_c>
	<windchill_string>-37 F (-38 C)</windchill_string>
      	<windchill_f>-37</windchill_f>
      	<windchill_c>-38</windchill_c>
 	<icon_url_base>http://forecast.weather.gov/images/wtf/small/</icon_url_base>
	<two_day_history_url>http://www.weather.gov/data/obhistory/CWSG.html</two_day_history_url>
	<icon_url_name>wind.png</icon_url_name>
	<ob_url>http://www.weather.gov/data/METAR/CWSG.1.txt</ob_url>
	<disclaimer_url>http://weather.gov/disclaimer.html</disclaimer_url>
	<copyright_url>http://weather.gov/disclaimer.html</copyright_url>
	<privacy_policy_url>http://weather.gov/notice.html</privacy_policy_url>
</current_observation>
