<?xml version="1.0" encoding="ISO-8859-1"?> 
<?xml-stylesheet href="latest_ob.xsl" type="text/xsl"?>
<current_observation version="1.0"
	 xmlns:xsd="http://www.w3.org/2001/XMLSchema"
	 xmlns:xsi="http://www.w3.org/2001/XMLSchema-instance"
	 xsi:noNamespaceSchemaLocation="http://www.weather.gov/view/current_observation.xsd">
	<credit>NOAA's National Weather Service</credit>
	<credit_URL>http://weather.gov/</credit_URL>
	<image>
		<url>http://weather.gov/images/xml_logo.gif</url>
		<title>NOAA's National Weather Service</title>
		<link>http://weather.gov</link>
	</image>
	<suggested_pickup>15 minutes after the hour</suggested_pickup>
	<suggested_pickup_period>60</suggested_pickup_period>
	<location>Unknown Station</location>
	<station_id>CWTA</station_id>
	<observation_time>Last Updated on Jan 23 2013, 11:00 pm ST </observation_time>
        <observation_time_rfc822>Wed, 23 Jan 2013 23:00:00 +0000</observation_time_rfc822>
	<temperature_string>1.0 F (-17.3 C)</temperature_string>
	<temp_f>1.0</temp_f>
	<temp_c>-17.3</temp_c>
	<relative_humidity>57</relative_humidity>
	<wind_string>West at 3.5 MPH (3 KT)</wind_string>
	<wind_dir>West</wind_dir>
	<wind_degrees>260</wind_degrees>
	<wind_mph>3.5</wind_mph>
	<wind_kt>3</wind_kt>
	<pressure_string>1017.4 mb</pressure_string>
	<pressure_mb>1017.4</pressure_mb>
	<dewpoint_string>-11.0 F (-23.9 C)</dewpoint_string>
	<dewpoint_f>-11.0</dewpoint_f>
	<dewpoint_c>-23.9</dewpoint_c>
	<two_day_history_url>http://www.weather.gov/data/obhistory/CWTA.html</two_day_history_url>
	<ob_url>http://www.weather.gov/data/METAR/CWTA.1.txt</ob_url>
	<disclaimer_url>http://weather.gov/disclaimer.html</disclaimer_url>
	<copyright_url>http://weather.gov/disclaimer.html</copyright_url>
	<privacy_policy_url>http://weather.gov/notice.html</privacy_policy_url>
</current_observation>
