<?xml version="1.0" encoding="ISO-8859-1"?> 
<?xml-stylesheet href="latest_ob.xsl" type="text/xsl"?>
<current_observation version="1.0"
	 xmlns:xsd="http://www.w3.org/2001/XMLSchema"
	 xmlns:xsi="http://www.w3.org/2001/XMLSchema-instance"
	 xsi:noNamespaceSchemaLocation="http://www.weather.gov/view/current_observation.xsd">
	<credit>NOAA's National Weather Service</credit>
	<credit_URL>http://weather.gov/</credit_URL>
	<image>
		<url>http://weather.gov/images/xml_logo.gif</url>
		<title>NOAA's National Weather Service</title>
		<link>http://weather.gov</link>
	</image>
	<suggested_pickup>15 minutes after the hour</suggested_pickup>
	<suggested_pickup_period>60</suggested_pickup_period>
	<location>Unknown Station</location>
	<station_id>CWTY</station_id>
	<observation_time>Last Updated on Jan 23 2013, 9:00 am ST </observation_time>
        <observation_time_rfc822>Wed, 23 Jan 2013 09:00:00 +0000</observation_time_rfc822>
	<temperature_string>-14.0 F (-25.6 C)</temperature_string>
	<temp_f>-14.0</temp_f>
	<temp_c>-25.6</temp_c>
	<relative_humidity>48</relative_humidity>
	<wind_string>Northwest at 10.4 MPH (9 KT)</wind_string>
	<wind_dir>Northwest</wind_dir>
	<wind_degrees>310</wind_degrees>
	<wind_mph>10.4</wind_mph>
	<wind_kt>9</wind_kt>
	<pressure_string>1021.1 mb</pressure_string>
	<pressure_mb>1021.1</pressure_mb>
	<dewpoint_string>-27.9 F (-33.3 C)</dewpoint_string>
	<dewpoint_f>-27.9</dewpoint_f>
	<dewpoint_c>-33.3</dewpoint_c>
	<windchill_string>-34 F (-37 C)</windchill_string>
      	<windchill_f>-34</windchill_f>
      	<windchill_c>-37</windchill_c>
	<two_day_history_url>http://www.weather.gov/data/obhistory/CWTY.html</two_day_history_url>
	<ob_url>http://www.weather.gov/data/METAR/CWTY.1.txt</ob_url>
	<disclaimer_url>http://weather.gov/disclaimer.html</disclaimer_url>
	<copyright_url>http://weather.gov/disclaimer.html</copyright_url>
	<privacy_policy_url>http://weather.gov/notice.html</privacy_policy_url>
</current_observation>
