<?xml version="1.0" encoding="ISO-8859-1"?> 
<?xml-stylesheet href="latest_ob.xsl" type="text/xsl"?>
<current_observation version="1.0"
	 xmlns:xsd="http://www.w3.org/2001/XMLSchema"
	 xmlns:xsi="http://www.w3.org/2001/XMLSchema-instance"
	 xsi:noNamespaceSchemaLocation="http://www.weather.gov/view/current_observation.xsd">
	<credit>NOAA's National Weather Service</credit>
	<credit_URL>http://weather.gov/</credit_URL>
	<image>
		<url>http://weather.gov/images/xml_logo.gif</url>
		<title>NOAA's National Weather Service</title>
		<link>http://weather.gov</link>
	</image>
	<suggested_pickup>15 minutes after the hour</suggested_pickup>
	<suggested_pickup_period>60</suggested_pickup_period>
	<location>Unknown Station</location>
	<station_id>CWVU</station_id>
	<observation_time>Last Updated on Jan 23 2013, 12:00 pm ST </observation_time>
        <observation_time_rfc822>Wed, 23 Jan 2013 12:00:00 +0000</observation_time_rfc822>
	<weather>Windy</weather>
	<temperature_string>9.0 F (-12.8 C)</temperature_string>
	<temp_f>9.0</temp_f>
	<temp_c>-12.8</temp_c>
	<relative_humidity>91</relative_humidity>
	<wind_string>from the West at 28.8 gusting to 39.1 MPH (25 gusting to 34 KT)</wind_string>
	<wind_dir>West</wind_dir>
	<wind_degrees>280</wind_degrees>
	<wind_mph>28.8</wind_mph>
	<wind_gust_mph>39.1</wind_gust_mph>
	<wind_kt>25</wind_kt>
	<wind_gust_kt>34</wind_gust_kt>
	<pressure_string>1014.1 mb</pressure_string>
	<pressure_mb>1014.1</pressure_mb>
	<dewpoint_string>6.8 F (-14.0 C)</dewpoint_string>
	<dewpoint_f>6.8</dewpoint_f>
	<dewpoint_c>-14.0</dewpoint_c>
	<windchill_string>-13 F (-25 C)</windchill_string>
      	<windchill_f>-13</windchill_f>
      	<windchill_c>-25</windchill_c>
 	<icon_url_base>http://forecast.weather.gov/images/wtf/small/</icon_url_base>
	<two_day_history_url>http://www.weather.gov/data/obhistory/CWVU.html</two_day_history_url>
	<icon_url_name>wind.png</icon_url_name>
	<ob_url>http://www.weather.gov/data/METAR/CWVU.1.txt</ob_url>
	<disclaimer_url>http://weather.gov/disclaimer.html</disclaimer_url>
	<copyright_url>http://weather.gov/disclaimer.html</copyright_url>
	<privacy_policy_url>http://weather.gov/notice.html</privacy_policy_url>
</current_observation>
