<?xml version="1.0" encoding="ISO-8859-1"?> 
<?xml-stylesheet href="latest_ob.xsl" type="text/xsl"?>
<current_observation version="1.0"
	 xmlns:xsd="http://www.w3.org/2001/XMLSchema"
	 xmlns:xsi="http://www.w3.org/2001/XMLSchema-instance"
	 xsi:noNamespaceSchemaLocation="http://www.weather.gov/view/current_observation.xsd">
	<credit>NOAA's National Weather Service</credit>
	<credit_URL>http://weather.gov/</credit_URL>
	<image>
		<url>http://weather.gov/images/xml_logo.gif</url>
		<title>NOAA's National Weather Service</title>
		<link>http://weather.gov</link>
	</image>
	<suggested_pickup>15 minutes after the hour</suggested_pickup>
	<suggested_pickup_period>60</suggested_pickup_period>
	<location>Unknown Station</location>
	<station_id>CWZS</station_id>
	<observation_time>Last Updated on Jan 23 2013, 12:00 pm ST </observation_time>
        <observation_time_rfc822>Wed, 23 Jan 2013 12:00:00 +0000</observation_time_rfc822>
	<temperature_string>-13.0 F (-25.1 C)</temperature_string>
	<temp_f>-13.0</temp_f>
	<temp_c>-25.1</temp_c>
	<relative_humidity>64</relative_humidity>
	<wind_string>from the Northwest at 11.5 gusting to 18.4 MPH (10 gusting to 16 KT)</wind_string>
	<wind_dir>Northwest</wind_dir>
	<wind_degrees>300</wind_degrees>
	<wind_mph>11.5</wind_mph>
	<wind_gust_mph>18.4</wind_gust_mph>
	<wind_kt>10</wind_kt>
	<wind_gust_kt>16</wind_gust_kt>
	<pressure_string>1007.2 mb</pressure_string>
	<pressure_mb>1007.2</pressure_mb>
	<dewpoint_string>-22.0 F (-30.0 C)</dewpoint_string>
	<dewpoint_f>-22.0</dewpoint_f>
	<dewpoint_c>-30.0</dewpoint_c>
	<windchill_string>-33 F (-36 C)</windchill_string>
      	<windchill_f>-33</windchill_f>
      	<windchill_c>-36</windchill_c>
	<two_day_history_url>http://www.weather.gov/data/obhistory/CWZS.html</two_day_history_url>
	<ob_url>http://www.weather.gov/data/METAR/CWZS.1.txt</ob_url>
	<disclaimer_url>http://weather.gov/disclaimer.html</disclaimer_url>
	<copyright_url>http://weather.gov/disclaimer.html</copyright_url>
	<privacy_policy_url>http://weather.gov/notice.html</privacy_policy_url>
</current_observation>
