<?xml version="1.0" encoding="ISO-8859-1"?> 
<?xml-stylesheet href="latest_ob.xsl" type="text/xsl"?>
<current_observation version="1.0"
	 xmlns:xsd="http://www.w3.org/2001/XMLSchema"
	 xmlns:xsi="http://www.w3.org/2001/XMLSchema-instance"
	 xsi:noNamespaceSchemaLocation="http://www.weather.gov/view/current_observation.xsd">
	<credit>NOAA's National Weather Service</credit>
	<credit_URL>http://weather.gov/</credit_URL>
	<image>
		<url>http://weather.gov/images/xml_logo.gif</url>
		<title>NOAA's National Weather Service</title>
		<link>http://weather.gov</link>
	</image>
	<suggested_pickup>15 minutes after the hour</suggested_pickup>
	<suggested_pickup_period>60</suggested_pickup_period>
	<location>Unknown Station</location>
	<station_id>CXAG</station_id>
	<observation_time>Last Updated on Jan 23 2013, 12:00 pm ST </observation_time>
        <observation_time_rfc822>Wed, 23 Jan 2013 12:00:00 +0000</observation_time_rfc822>
	<temperature_string>-3.0 F (-19.4 C)</temperature_string>
	<temp_f>-3.0</temp_f>
	<temp_c>-19.4</temp_c>
	<relative_humidity>84</relative_humidity>
	<wind_string>East at 8.1 MPH (7 KT)</wind_string>
	<wind_dir>East</wind_dir>
	<wind_degrees>90</wind_degrees>
	<wind_mph>8.1</wind_mph>
	<wind_kt>7</wind_kt>
	<dewpoint_string>-6.5 F (-21.4 C)</dewpoint_string>
	<dewpoint_f>-6.5</dewpoint_f>
	<dewpoint_c>-21.4</dewpoint_c>
	<windchill_string>-18 F (-28 C)</windchill_string>
      	<windchill_f>-18</windchill_f>
      	<windchill_c>-28</windchill_c>
	<two_day_history_url>http://www.weather.gov/data/obhistory/CXAG.html</two_day_history_url>
	<ob_url>http://www.weather.gov/data/METAR/CXAG.1.txt</ob_url>
	<disclaimer_url>http://weather.gov/disclaimer.html</disclaimer_url>
	<copyright_url>http://weather.gov/disclaimer.html</copyright_url>
	<privacy_policy_url>http://weather.gov/notice.html</privacy_policy_url>
</current_observation>
