<?xml version="1.0" encoding="ISO-8859-1"?> 
<?xml-stylesheet href="latest_ob.xsl" type="text/xsl"?>
<current_observation version="1.0"
	 xmlns:xsd="http://www.w3.org/2001/XMLSchema"
	 xmlns:xsi="http://www.w3.org/2001/XMLSchema-instance"
	 xsi:noNamespaceSchemaLocation="http://www.weather.gov/view/current_observation.xsd">
	<credit>NOAA's National Weather Service</credit>
	<credit_URL>http://weather.gov/</credit_URL>
	<image>
		<url>http://weather.gov/images/xml_logo.gif</url>
		<title>NOAA's National Weather Service</title>
		<link>http://weather.gov</link>
	</image>
	<suggested_pickup>15 minutes after the hour</suggested_pickup>
	<suggested_pickup_period>60</suggested_pickup_period>
	<location>Unknown Station</location>
	<station_id>CXFR</station_id>
	<observation_time>Last Updated on Jan 23 2013, 12:00 pm ST </observation_time>
        <observation_time_rfc822>Wed, 23 Jan 2013 12:00:00 +0000</observation_time_rfc822>
	<temperature_string>2.0 F (-16.7 C)</temperature_string>
	<temp_f>2.0</temp_f>
	<temp_c>-16.7</temp_c>
	<relative_humidity>85</relative_humidity>
	<wind_string>East at 16.1 MPH (14 KT)</wind_string>
	<wind_dir>East</wind_dir>
	<wind_degrees>70</wind_degrees>
	<wind_mph>16.1</wind_mph>
	<wind_kt>14</wind_kt>
	<dewpoint_string>-1.7 F (-18.7 C)</dewpoint_string>
	<dewpoint_f>-1.7</dewpoint_f>
	<dewpoint_c>-18.7</dewpoint_c>
	<windchill_string>-17 F (-27 C)</windchill_string>
      	<windchill_f>-17</windchill_f>
      	<windchill_c>-27</windchill_c>
	<two_day_history_url>http://www.weather.gov/data/obhistory/CXFR.html</two_day_history_url>
	<ob_url>http://www.weather.gov/data/METAR/CXFR.1.txt</ob_url>
	<disclaimer_url>http://weather.gov/disclaimer.html</disclaimer_url>
	<copyright_url>http://weather.gov/disclaimer.html</copyright_url>
	<privacy_policy_url>http://weather.gov/notice.html</privacy_policy_url>
</current_observation>
