<?xml version="1.0" encoding="ISO-8859-1"?> 
<?xml-stylesheet href="latest_ob.xsl" type="text/xsl"?>
<current_observation version="1.0"
	 xmlns:xsd="http://www.w3.org/2001/XMLSchema"
	 xmlns:xsi="http://www.w3.org/2001/XMLSchema-instance"
	 xsi:noNamespaceSchemaLocation="http://www.weather.gov/view/current_observation.xsd">
	<credit>NOAA's National Weather Service</credit>
	<credit_URL>http://weather.gov/</credit_URL>
	<image>
		<url>http://weather.gov/images/xml_logo.gif</url>
		<title>NOAA's National Weather Service</title>
		<link>http://weather.gov</link>
	</image>
	<suggested_pickup>15 minutes after the hour</suggested_pickup>
	<suggested_pickup_period>60</suggested_pickup_period>
	<location>Unknown Station</location>
	<station_id>CXTN</station_id>
	<observation_time>Last Updated on Jan 20 2013, 9:00 am ST </observation_time>
        <observation_time_rfc822>Sun, 20 Jan 2013 09:00:00 +0000</observation_time_rfc822>
	<temperature_string>-28.0 F (-33.4 C)</temperature_string>
	<temp_f>-28.0</temp_f>
	<temp_c>-33.4</temp_c>
	<relative_humidity>71</relative_humidity>
	<dewpoint_string>-34.4 F (-36.9 C)</dewpoint_string>
	<dewpoint_f>-34.4</dewpoint_f>
	<dewpoint_c>-36.9</dewpoint_c>
	<two_day_history_url>http://www.weather.gov/data/obhistory/CXTN.html</two_day_history_url>
	<ob_url>http://www.weather.gov/data/METAR/CXTN.1.txt</ob_url>
	<disclaimer_url>http://weather.gov/disclaimer.html</disclaimer_url>
	<copyright_url>http://weather.gov/disclaimer.html</copyright_url>
	<privacy_policy_url>http://weather.gov/notice.html</privacy_policy_url>
</current_observation>
