<?xml version="1.0" encoding="ISO-8859-1"?> 
<?xml-stylesheet href="latest_ob.xsl" type="text/xsl"?>
<current_observation version="1.0"
	 xmlns:xsd="http://www.w3.org/2001/XMLSchema"
	 xmlns:xsi="http://www.w3.org/2001/XMLSchema-instance"
	 xsi:noNamespaceSchemaLocation="http://www.weather.gov/view/current_observation.xsd">
	<credit>NOAA's National Weather Service</credit>
	<credit_URL>http://weather.gov/</credit_URL>
	<image>
		<url>http://weather.gov/images/xml_logo.gif</url>
		<title>NOAA's National Weather Service</title>
		<link>http://weather.gov</link>
	</image>
	<suggested_pickup>15 minutes after the hour</suggested_pickup>
	<suggested_pickup_period>60</suggested_pickup_period>
	<location>Unknown Station</location>
	<station_id>CYBG</station_id>
	<observation_time>Last Updated on Jan 23 2013, 12:00 pm ST </observation_time>
        <observation_time_rfc822>Wed, 23 Jan 2013 12:00:00 +0000</observation_time_rfc822>
	<weather>A Few Clouds</weather>
	<temperature_string>-24.0 F (-31.0 C)</temperature_string>
	<temp_f>-24.0</temp_f>
	<temp_c>-31.0</temp_c>
	<relative_humidity>75</relative_humidity>
	<wind_string>West at 12.7 MPH (11 KT)</wind_string>
	<wind_dir>West</wind_dir>
	<wind_degrees>270</wind_degrees>
	<wind_mph>12.7</wind_mph>
	<wind_kt>11</wind_kt>
	<pressure_string>1017.7 mb</pressure_string>
	<pressure_mb>1017.7</pressure_mb>
	<pressure_in>29.98</pressure_in>
	<dewpoint_string>-29.2 F (-34.0 C)</dewpoint_string>
	<dewpoint_f>-29.2</dewpoint_f>
	<dewpoint_c>-34.0</dewpoint_c>
	<windchill_string>-48 F (-44 C)</windchill_string>
      	<windchill_f>-48</windchill_f>
      	<windchill_c>-44</windchill_c>
	<visibility_mi>15.00</visibility_mi>
 	<icon_url_base>http://forecast.weather.gov/images/wtf/small/</icon_url_base>
	<two_day_history_url>http://www.weather.gov/data/obhistory/CYBG.html</two_day_history_url>
	<icon_url_name>few.png</icon_url_name>
	<ob_url>http://www.weather.gov/data/METAR/CYBG.1.txt</ob_url>
	<disclaimer_url>http://weather.gov/disclaimer.html</disclaimer_url>
	<copyright_url>http://weather.gov/disclaimer.html</copyright_url>
	<privacy_policy_url>http://weather.gov/notice.html</privacy_policy_url>
</current_observation>
