<?xml version="1.0" encoding="ISO-8859-1"?> 
<?xml-stylesheet href="latest_ob.xsl" type="text/xsl"?>
<current_observation version="1.0"
	 xmlns:xsd="http://www.w3.org/2001/XMLSchema"
	 xmlns:xsi="http://www.w3.org/2001/XMLSchema-instance"
	 xsi:noNamespaceSchemaLocation="http://www.weather.gov/view/current_observation.xsd">
	<credit>NOAA's National Weather Service</credit>
	<credit_URL>http://weather.gov/</credit_URL>
	<image>
		<url>http://weather.gov/images/xml_logo.gif</url>
		<title>NOAA's National Weather Service</title>
		<link>http://weather.gov</link>
	</image>
	<suggested_pickup>15 minutes after the hour</suggested_pickup>
	<suggested_pickup_period>60</suggested_pickup_period>
	<location>Unknown Station</location>
	<station_id>CYFT</station_id>
	<observation_time>Last Updated on Jan 23 2013, 12:00 pm ST </observation_time>
        <observation_time_rfc822>Wed, 23 Jan 2013 12:00:00 +0000</observation_time_rfc822>
	<weather>Low Drifting Snow and Windy</weather>
	<temperature_string>-13.0 F (-25.0 C)</temperature_string>
	<temp_f>-13.0</temp_f>
	<temp_c>-25.0</temp_c>
	<relative_humidity>76</relative_humidity>
	<wind_string>from the West at 32.2 gusting to 41.4 MPH (28 gusting to 36 KT)</wind_string>
	<wind_dir>West</wind_dir>
	<wind_degrees>250</wind_degrees>
	<wind_mph>32.2</wind_mph>
	<wind_gust_mph>41.4</wind_gust_mph>
	<wind_kt>28</wind_kt>
	<wind_gust_kt>36</wind_gust_kt>
	<pressure_string>978.9 mb</pressure_string>
	<pressure_mb>978.9</pressure_mb>
	<pressure_in>28.88</pressure_in>
	<dewpoint_string>-18.4 F (-28.0 C)</dewpoint_string>
	<dewpoint_f>-18.4</dewpoint_f>
	<dewpoint_c>-28.0</dewpoint_c>
	<windchill_string>-44 F (-42 C)</windchill_string>
      	<windchill_f>-44</windchill_f>
      	<windchill_c>-42</windchill_c>
	<visibility_mi>15.00</visibility_mi>
	<two_day_history_url>http://www.weather.gov/data/obhistory/CYFT.html</two_day_history_url>
	<ob_url>http://www.weather.gov/data/METAR/CYFT.1.txt</ob_url>
	<disclaimer_url>http://weather.gov/disclaimer.html</disclaimer_url>
	<copyright_url>http://weather.gov/disclaimer.html</copyright_url>
	<privacy_policy_url>http://weather.gov/notice.html</privacy_policy_url>
</current_observation>
