<?xml version="1.0" encoding="ISO-8859-1"?> 
<?xml-stylesheet href="latest_ob.xsl" type="text/xsl"?>
<current_observation version="1.0"
	 xmlns:xsd="http://www.w3.org/2001/XMLSchema"
	 xmlns:xsi="http://www.w3.org/2001/XMLSchema-instance"
	 xsi:noNamespaceSchemaLocation="http://www.weather.gov/view/current_observation.xsd">
	<credit>NOAA's National Weather Service</credit>
	<credit_URL>http://weather.gov/</credit_URL>
	<image>
		<url>http://weather.gov/images/xml_logo.gif</url>
		<title>NOAA's National Weather Service</title>
		<link>http://weather.gov</link>
	</image>
	<suggested_pickup>15 minutes after the hour</suggested_pickup>
	<suggested_pickup_period>60</suggested_pickup_period>
	<location>Unknown Station</location>
	<station_id>CYGL</station_id>
	<observation_time>Last Updated on Jan 23 2013, 12:00 pm ST </observation_time>
        <observation_time_rfc822>Wed, 23 Jan 2013 12:00:00 +0000</observation_time_rfc822>
	<weather>Ice Crystals</weather>
	<temperature_string>-24.0 F (-31.0 C)</temperature_string>
	<temp_f>-24.0</temp_f>
	<temp_c>-31.0</temp_c>
	<relative_humidity>68</relative_humidity>
	<wind_string>West at 8.1 MPH (7 KT)</wind_string>
	<wind_dir>West</wind_dir>
	<wind_degrees>270</wind_degrees>
	<wind_mph>8.1</wind_mph>
	<wind_kt>7</wind_kt>
	<pressure_string>1017.9 mb</pressure_string>
	<pressure_mb>1017.9</pressure_mb>
	<pressure_in>29.96</pressure_in>
	<dewpoint_string>-31.0 F (-35.0 C)</dewpoint_string>
	<dewpoint_f>-31.0</dewpoint_f>
	<dewpoint_c>-35.0</dewpoint_c>
	<windchill_string>-43 F (-42 C)</windchill_string>
      	<windchill_f>-43</windchill_f>
      	<windchill_c>-42</windchill_c>
	<visibility_mi>12.00</visibility_mi>
 	<icon_url_base>http://forecast.weather.gov/images/wtf/small/</icon_url_base>
	<two_day_history_url>http://www.weather.gov/data/obhistory/CYGL.html</two_day_history_url>
	<icon_url_name>ip.png</icon_url_name>
	<ob_url>http://www.weather.gov/data/METAR/CYGL.1.txt</ob_url>
	<disclaimer_url>http://weather.gov/disclaimer.html</disclaimer_url>
	<copyright_url>http://weather.gov/disclaimer.html</copyright_url>
	<privacy_policy_url>http://weather.gov/notice.html</privacy_policy_url>
</current_observation>
