<?xml version="1.0" encoding="ISO-8859-1"?> 
<?xml-stylesheet href="latest_ob.xsl" type="text/xsl"?>
<current_observation version="1.0"
	 xmlns:xsd="http://www.w3.org/2001/XMLSchema"
	 xmlns:xsi="http://www.w3.org/2001/XMLSchema-instance"
	 xsi:noNamespaceSchemaLocation="http://www.weather.gov/view/current_observation.xsd">
	<credit>NOAA's National Weather Service</credit>
	<credit_URL>http://weather.gov/</credit_URL>
	<image>
		<url>http://weather.gov/images/xml_logo.gif</url>
		<title>NOAA's National Weather Service</title>
		<link>http://weather.gov</link>
	</image>
	<suggested_pickup>15 minutes after the hour</suggested_pickup>
	<suggested_pickup_period>60</suggested_pickup_period>
	<location>Unknown Station</location>
	<station_id>CYKL</station_id>
	<observation_time>Last Updated on Jan 23 2013, 12:00 pm ST </observation_time>
        <observation_time_rfc822>Wed, 23 Jan 2013 12:00:00 +0000</observation_time_rfc822>
	<weather>Light Snow and Breezy</weather>
	<temperature_string>-18.0 F (-28.0 C)</temperature_string>
	<temp_f>-18.0</temp_f>
	<temp_c>-28.0</temp_c>
	<relative_humidity>69</relative_humidity>
	<wind_string>from the Northwest at 20.7 gusting to 28.8 MPH (18 gusting to 25 KT)</wind_string>
	<wind_dir>Northwest</wind_dir>
	<wind_degrees>310</wind_degrees>
	<wind_mph>20.7</wind_mph>
	<wind_gust_mph>28.8</wind_gust_mph>
	<wind_kt>18</wind_kt>
	<wind_gust_kt>25</wind_gust_kt>
	<pressure_string>987.9 mb</pressure_string>
	<pressure_mb>987.9</pressure_mb>
	<pressure_in>28.98</pressure_in>
	<dewpoint_string>-25.6 F (-32.0 C)</dewpoint_string>
	<dewpoint_f>-25.6</dewpoint_f>
	<dewpoint_c>-32.0</dewpoint_c>
	<windchill_string>-46 F (-43 C)</windchill_string>
      	<windchill_f>-46</windchill_f>
      	<windchill_c>-43</windchill_c>
	<visibility_mi>1.00</visibility_mi>
	<two_day_history_url>http://www.weather.gov/data/obhistory/CYKL.html</two_day_history_url>
	<ob_url>http://www.weather.gov/data/METAR/CYKL.1.txt</ob_url>
	<disclaimer_url>http://weather.gov/disclaimer.html</disclaimer_url>
	<copyright_url>http://weather.gov/disclaimer.html</copyright_url>
	<privacy_policy_url>http://weather.gov/notice.html</privacy_policy_url>
</current_observation>
