<?xml version="1.0" encoding="ISO-8859-1"?> 
<?xml-stylesheet href="latest_ob.xsl" type="text/xsl"?>
<current_observation version="1.0"
	 xmlns:xsd="http://www.w3.org/2001/XMLSchema"
	 xmlns:xsi="http://www.w3.org/2001/XMLSchema-instance"
	 xsi:noNamespaceSchemaLocation="http://www.weather.gov/view/current_observation.xsd">
	<credit>NOAA's National Weather Service</credit>
	<credit_URL>http://weather.gov/</credit_URL>
	<image>
		<url>http://weather.gov/images/xml_logo.gif</url>
		<title>NOAA's National Weather Service</title>
		<link>http://weather.gov</link>
	</image>
	<suggested_pickup>15 minutes after the hour</suggested_pickup>
	<suggested_pickup_period>60</suggested_pickup_period>
	<location>Unknown Station</location>
	<station_id>CYUY</station_id>
	<observation_time>Last Updated on Jan 23 2013, 12:00 pm ST </observation_time>
        <observation_time_rfc822>Wed, 23 Jan 2013 12:00:00 +0000</observation_time_rfc822>
	<weather>Fog/Mist</weather>
	<temperature_string>-44.0 F (-42.0 C)</temperature_string>
	<temp_f>-44.0</temp_f>
	<temp_c>-42.0</temp_c>
	<relative_humidity>64</relative_humidity>
	<wind_string>Variable at 2.3 MPH (2 KT)</wind_string>
	<wind_dir>Variable</wind_dir>
	<wind_degrees>999</wind_degrees>
	<wind_mph>2.3</wind_mph>
	<wind_kt>2</wind_kt>
	<pressure_string>1025.1 mb</pressure_string>
	<pressure_mb>1025.1</pressure_mb>
	<pressure_in>30.11</pressure_in>
	<dewpoint_string>-50.8 F (-46.0 C)</dewpoint_string>
	<dewpoint_f>-50.8</dewpoint_f>
	<dewpoint_c>-46.0</dewpoint_c>
	<visibility_mi>3.00</visibility_mi>
 	<icon_url_base>http://forecast.weather.gov/images/wtf/small/</icon_url_base>
	<two_day_history_url>http://www.weather.gov/data/obhistory/CYUY.html</two_day_history_url>
	<icon_url_name>fg.png</icon_url_name>
	<ob_url>http://www.weather.gov/data/METAR/CYUY.1.txt</ob_url>
	<disclaimer_url>http://weather.gov/disclaimer.html</disclaimer_url>
	<copyright_url>http://weather.gov/disclaimer.html</copyright_url>
	<privacy_policy_url>http://weather.gov/notice.html</privacy_policy_url>
</current_observation>
