<?xml version="1.0" encoding="ISO-8859-1"?> 
<?xml-stylesheet href="latest_ob.xsl" type="text/xsl"?>
<current_observation version="1.0"
	 xmlns:xsd="http://www.w3.org/2001/XMLSchema"
	 xmlns:xsi="http://www.w3.org/2001/XMLSchema-instance"
	 xsi:noNamespaceSchemaLocation="http://www.weather.gov/view/current_observation.xsd">
	<credit>NOAA's National Weather Service</credit>
	<credit_URL>http://weather.gov/</credit_URL>
	<image>
		<url>http://weather.gov/images/xml_logo.gif</url>
		<title>NOAA's National Weather Service</title>
		<link>http://weather.gov</link>
	</image>
	<suggested_pickup>15 minutes after the hour</suggested_pickup>
	<suggested_pickup_period>60</suggested_pickup_period>
	<location>Unknown Station</location>
	<station_id>CYVP</station_id>
	<observation_time>Last Updated on Jan 23 2013, 12:00 pm ST </observation_time>
        <observation_time_rfc822>Wed, 23 Jan 2013 12:00:00 +0000</observation_time_rfc822>
	<weather>Light Snow Blowing Snow</weather>
	<temperature_string>-4.0 F (-20.0 C)</temperature_string>
	<temp_f>-4.0</temp_f>
	<temp_c>-20.0</temp_c>
	<relative_humidity>77</relative_humidity>
	<wind_string>from the Northwest at 15.0 gusting to 25.3 MPH (13 gusting to 22 KT)</wind_string>
	<wind_dir>Northwest</wind_dir>
	<wind_degrees>310</wind_degrees>
	<wind_mph>15.0</wind_mph>
	<wind_gust_mph>25.3</wind_gust_mph>
	<wind_kt>13</wind_kt>
	<wind_gust_kt>22</wind_gust_kt>
	<pressure_string>986.2 mb</pressure_string>
	<pressure_mb>986.2</pressure_mb>
	<pressure_in>29.11</pressure_in>
	<dewpoint_string>-9.4 F (-23.0 C)</dewpoint_string>
	<dewpoint_f>-9.4</dewpoint_f>
	<dewpoint_c>-23.0</dewpoint_c>
	<windchill_string>-25 F (-32 C)</windchill_string>
      	<windchill_f>-25</windchill_f>
      	<windchill_c>-32</windchill_c>
	<visibility_mi>1.50</visibility_mi>
 	<icon_url_base>http://forecast.weather.gov/images/wtf/small/</icon_url_base>
	<two_day_history_url>http://www.weather.gov/data/obhistory/CYVP.html</two_day_history_url>
	<icon_url_name>sn.png</icon_url_name>
	<ob_url>http://www.weather.gov/data/METAR/CYVP.1.txt</ob_url>
	<disclaimer_url>http://weather.gov/disclaimer.html</disclaimer_url>
	<copyright_url>http://weather.gov/disclaimer.html</copyright_url>
	<privacy_policy_url>http://weather.gov/notice.html</privacy_policy_url>
</current_observation>
