<?xml version="1.0" encoding="ISO-8859-1"?> 
<?xml-stylesheet href="latest_ob.xsl" type="text/xsl"?>
<current_observation version="1.0"
	 xmlns:xsd="http://www.w3.org/2001/XMLSchema"
	 xmlns:xsi="http://www.w3.org/2001/XMLSchema-instance"
	 xsi:noNamespaceSchemaLocation="http://www.weather.gov/view/current_observation.xsd">
	<credit>NOAA's National Weather Service</credit>
	<credit_URL>http://weather.gov/</credit_URL>
	<image>
		<url>http://weather.gov/images/xml_logo.gif</url>
		<title>NOAA's National Weather Service</title>
		<link>http://weather.gov</link>
	</image>
	<suggested_pickup>15 minutes after the hour</suggested_pickup>
	<suggested_pickup_period>60</suggested_pickup_period>
	<location>Unknown Station</location>
	<station_id>K06D</station_id>
	<observation_time>Last Updated on Jan 23 2013, 6:55 am CST</observation_time>
        <observation_time_rfc822>Wed, 23 Jan 2013 06:55:00 -0600</observation_time_rfc822>
	<weather>Light Snow</weather>
	<temperature_string>-9.0 F (-23.0 C)</temperature_string>
	<temp_f>-9.0</temp_f>
	<temp_c>-23.0</temp_c>
	<relative_humidity>84</relative_humidity>
	<wind_string>North at 15.0 MPH (13 KT)</wind_string>
	<wind_dir>North</wind_dir>
	<wind_degrees>350</wind_degrees>
	<wind_mph>15.0</wind_mph>
	<wind_kt>13</wind_kt>
	<pressure_in>30.23</pressure_in>
	<dewpoint_string>-13.0 F (-25.0 C)</dewpoint_string>
	<dewpoint_f>-13.0</dewpoint_f>
	<dewpoint_c>-25.0</dewpoint_c>
	<windchill_string>-31 F (-35 C)</windchill_string>
      	<windchill_f>-31</windchill_f>
      	<windchill_c>-35</windchill_c>
	<visibility_mi>10.00</visibility_mi>
 	<icon_url_base>http://forecast.weather.gov/images/wtf/small/</icon_url_base>
	<two_day_history_url>http://www.weather.gov/data/obhistory/K06D.html</two_day_history_url>
	<icon_url_name>nsn.png</icon_url_name>
	<ob_url>http://www.weather.gov/data/METAR/K06D.1.txt</ob_url>
	<disclaimer_url>http://weather.gov/disclaimer.html</disclaimer_url>
	<copyright_url>http://weather.gov/disclaimer.html</copyright_url>
	<privacy_policy_url>http://weather.gov/notice.html</privacy_policy_url>
</current_observation>
