<?xml version="1.0" encoding="ISO-8859-1"?> 
<?xml-stylesheet href="latest_ob.xsl" type="text/xsl"?>
<current_observation version="1.0"
	 xmlns:xsd="http://www.w3.org/2001/XMLSchema"
	 xmlns:xsi="http://www.w3.org/2001/XMLSchema-instance"
	 xsi:noNamespaceSchemaLocation="http://www.weather.gov/view/current_observation.xsd">
	<credit>NOAA's National Weather Service</credit>
	<credit_URL>http://weather.gov/</credit_URL>
	<image>
		<url>http://weather.gov/images/xml_logo.gif</url>
		<title>NOAA's National Weather Service</title>
		<link>http://weather.gov</link>
	</image>
	<suggested_pickup>15 minutes after the hour</suggested_pickup>
	<suggested_pickup_period>60</suggested_pickup_period>
	<location>Moriarty Airport, NM</location>
	<station_id>K0E0</station_id>
	<latitude>34.9823</latitude>
	<longitude>-106.005</longitude>
	<observation_time>Last Updated on Jan 23 2013, 5:55 am MST</observation_time>
        <observation_time_rfc822>Wed, 23 Jan 2013 05:55:00 -0700</observation_time_rfc822>
	<weather>Fair</weather>
	<temperature_string>17.0 F (-8.5 C)</temperature_string>
	<temp_f>17.0</temp_f>
	<temp_c>-8.5</temp_c>
	<relative_humidity>72</relative_humidity>
	<wind_string>North at 4.6 MPH (4 KT)</wind_string>
	<wind_dir>North</wind_dir>
	<wind_degrees>360</wind_degrees>
	<wind_mph>4.6</wind_mph>
	<wind_kt>4</wind_kt>
	<pressure_in>30.35</pressure_in>
	<dewpoint_string>9.1 F (-12.7 C)</dewpoint_string>
	<dewpoint_f>9.1</dewpoint_f>
	<dewpoint_c>-12.7</dewpoint_c>
	<windchill_string>10 F (-12 C)</windchill_string>
      	<windchill_f>10</windchill_f>
      	<windchill_c>-12</windchill_c>
	<visibility_mi>10.00</visibility_mi>
 	<icon_url_base>http://forecast.weather.gov/images/wtf/small/</icon_url_base>
	<two_day_history_url>http://www.weather.gov/data/obhistory/K0E0.html</two_day_history_url>
	<icon_url_name>nskc.png</icon_url_name>
	<ob_url>http://www.weather.gov/data/METAR/K0E0.1.txt</ob_url>
	<disclaimer_url>http://weather.gov/disclaimer.html</disclaimer_url>
	<copyright_url>http://weather.gov/disclaimer.html</copyright_url>
	<privacy_policy_url>http://weather.gov/notice.html</privacy_policy_url>
</current_observation>
