<?xml version="1.0" encoding="ISO-8859-1"?> 
<?xml-stylesheet href="latest_ob.xsl" type="text/xsl"?>
<current_observation version="1.0"
	 xmlns:xsd="http://www.w3.org/2001/XMLSchema"
	 xmlns:xsi="http://www.w3.org/2001/XMLSchema-instance"
	 xsi:noNamespaceSchemaLocation="http://www.weather.gov/view/current_observation.xsd">
	<credit>NOAA's National Weather Service</credit>
	<credit_URL>http://weather.gov/</credit_URL>
	<image>
		<url>http://weather.gov/images/xml_logo.gif</url>
		<title>NOAA's National Weather Service</title>
		<link>http://weather.gov</link>
	</image>
	<suggested_pickup>15 minutes after the hour</suggested_pickup>
	<suggested_pickup_period>60</suggested_pickup_period>
	<location>Aeroflex-Andover Airport, NJ</location>
	<station_id>K12N</station_id>
	<latitude>41.01</latitude>
	<longitude>-74.74</longitude>
	<observation_time>Last Updated on Jan 23 2013, 6:54 am EST</observation_time>
        <observation_time_rfc822>Wed, 23 Jan 2013 06:54:00 -0500</observation_time_rfc822>
	<temperature_string>7.0 F (-13.9 C)</temperature_string>
	<temp_f>7.0</temp_f>
	<temp_c>-13.9</temp_c>
	<relative_humidity>60</relative_humidity>
	<wind_string>Southwest at 3.5 MPH (3 KT)</wind_string>
	<wind_dir>Southwest</wind_dir>
	<wind_degrees>230</wind_degrees>
	<wind_mph>3.5</wind_mph>
	<wind_kt>3</wind_kt>
	<pressure_string>1024.3 mb</pressure_string>
	<pressure_mb>1024.3</pressure_mb>
	<pressure_in>30.19</pressure_in>
	<dewpoint_string>-4.0 F (-20.0 C)</dewpoint_string>
	<dewpoint_f>-4.0</dewpoint_f>
	<dewpoint_c>-20.0</dewpoint_c>
	<two_day_history_url>http://www.weather.gov/data/obhistory/K12N.html</two_day_history_url>
	<ob_url>http://www.weather.gov/data/METAR/K12N.1.txt</ob_url>
	<disclaimer_url>http://weather.gov/disclaimer.html</disclaimer_url>
	<copyright_url>http://weather.gov/disclaimer.html</copyright_url>
	<privacy_policy_url>http://weather.gov/notice.html</privacy_policy_url>
</current_observation>
