<?xml version="1.0" encoding="ISO-8859-1"?> 
<?xml-stylesheet href="latest_ob.xsl" type="text/xsl"?>
<current_observation version="1.0"
	 xmlns:xsd="http://www.w3.org/2001/XMLSchema"
	 xmlns:xsi="http://www.w3.org/2001/XMLSchema-instance"
	 xsi:noNamespaceSchemaLocation="http://www.weather.gov/view/current_observation.xsd">
	<credit>NOAA's National Weather Service</credit>
	<credit_URL>http://weather.gov/</credit_URL>
	<image>
		<url>http://weather.gov/images/xml_logo.gif</url>
		<title>NOAA's National Weather Service</title>
		<link>http://weather.gov</link>
	</image>
	<suggested_pickup>15 minutes after the hour</suggested_pickup>
	<suggested_pickup_period>60</suggested_pickup_period>
	<location>Plymouth Municipal Airport, NH</location>
	<station_id>K1P1</station_id>
	<latitude>43.78</latitude>
	<longitude>-71.53</longitude>
	<observation_time>Last Updated on Jan 23 2013, 7:55 am EST</observation_time>
        <observation_time_rfc822>Wed, 23 Jan 2013 07:55:00 -0500</observation_time_rfc822>
	<temperature_string>-6.0 F (-20.9 C)</temperature_string>
	<temp_f>-6.0</temp_f>
	<temp_c>-20.9</temp_c>
	<relative_humidity>65</relative_humidity>
	<wind_string>West at 4.6 MPH (4 KT)</wind_string>
	<wind_dir>West</wind_dir>
	<wind_degrees>280</wind_degrees>
	<wind_mph>4.6</wind_mph>
	<wind_kt>4</wind_kt>
	<pressure_in>30.08</pressure_in>
	<dewpoint_string>-14.4 F (-25.8 C)</dewpoint_string>
	<dewpoint_f>-14.4</dewpoint_f>
	<dewpoint_c>-25.8</dewpoint_c>
	<windchill_string>-17 F (-27 C)</windchill_string>
      	<windchill_f>-17</windchill_f>
      	<windchill_c>-27</windchill_c>
	<visibility_mi>10.00</visibility_mi>
	<two_day_history_url>http://www.weather.gov/data/obhistory/K1P1.html</two_day_history_url>
	<ob_url>http://www.weather.gov/data/METAR/K1P1.1.txt</ob_url>
	<disclaimer_url>http://weather.gov/disclaimer.html</disclaimer_url>
	<copyright_url>http://weather.gov/disclaimer.html</copyright_url>
	<privacy_policy_url>http://weather.gov/notice.html</privacy_policy_url>
</current_observation>
