<?xml version="1.0" encoding="ISO-8859-1"?> 
<?xml-stylesheet href="latest_ob.xsl" type="text/xsl"?>
<current_observation version="1.0"
	 xmlns:xsd="http://www.w3.org/2001/XMLSchema"
	 xmlns:xsi="http://www.w3.org/2001/XMLSchema-instance"
	 xsi:noNamespaceSchemaLocation="http://www.weather.gov/view/current_observation.xsd">
	<credit>NOAA's National Weather Service</credit>
	<credit_URL>http://weather.gov/</credit_URL>
	<image>
		<url>http://weather.gov/images/xml_logo.gif</url>
		<title>NOAA's National Weather Service</title>
		<link>http://weather.gov</link>
	</image>
	<suggested_pickup>15 minutes after the hour</suggested_pickup>
	<suggested_pickup_period>60</suggested_pickup_period>
	<location>Kremmling/McElroy Field, CO</location>
	<station_id>K20V</station_id>
	<latitude>40.05</latitude>
	<longitude>-106.36</longitude>
	<observation_time>Last Updated on Jan 20 2013, 9:18 am MST</observation_time>
        <observation_time_rfc822>Sun, 20 Jan 2013 09:18:00 -0700</observation_time_rfc822>
	<weather>Fair</weather>
	<temperature_string>-13.0 F (-25.0 C)</temperature_string>
	<temp_f>-13.0</temp_f>
	<temp_c>-25.0</temp_c>
	<relative_humidity>76</relative_humidity>
	<wind_string>Calm</wind_string>
	<wind_dir>North</wind_dir>
	<wind_degrees>0</wind_degrees>
	<wind_mph>0.0</wind_mph>
	<wind_kt>0</wind_kt>
	<pressure_in>30.45</pressure_in>
	<dewpoint_string>-18.4 F (-28.0 C)</dewpoint_string>
	<dewpoint_f>-18.4</dewpoint_f>
	<dewpoint_c>-28.0</dewpoint_c>
 	<icon_url_base>http://forecast.weather.gov/images/wtf/small/</icon_url_base>
	<two_day_history_url>http://www.weather.gov/data/obhistory/K20V.html</two_day_history_url>
	<icon_url_name>skc.png</icon_url_name>
	<ob_url>http://www.weather.gov/data/METAR/K20V.1.txt</ob_url>
	<disclaimer_url>http://weather.gov/disclaimer.html</disclaimer_url>
	<copyright_url>http://weather.gov/disclaimer.html</copyright_url>
	<privacy_policy_url>http://weather.gov/notice.html</privacy_policy_url>
</current_observation>
