<?xml version="1.0" encoding="ISO-8859-1"?> 
<?xml-stylesheet href="latest_ob.xsl" type="text/xsl"?>
<current_observation version="1.0"
	 xmlns:xsd="http://www.w3.org/2001/XMLSchema"
	 xmlns:xsi="http://www.w3.org/2001/XMLSchema-instance"
	 xsi:noNamespaceSchemaLocation="http://www.weather.gov/view/current_observation.xsd">
	<credit>NOAA's National Weather Service</credit>
	<credit_URL>http://weather.gov/</credit_URL>
	<image>
		<url>http://weather.gov/images/xml_logo.gif</url>
		<title>NOAA's National Weather Service</title>
		<link>http://weather.gov</link>
	</image>
	<suggested_pickup>15 minutes after the hour</suggested_pickup>
	<suggested_pickup_period>60</suggested_pickup_period>
	<location>Walden/Jackson County Airport, CO</location>
	<station_id>K33V</station_id>
	<latitude>40.75</latitude>
	<longitude>-106.271</longitude>
	<observation_time>Last Updated on Jan 23 2013, 5:53 am MST</observation_time>
        <observation_time_rfc822>Wed, 23 Jan 2013 05:53:00 -0700</observation_time_rfc822>
	<weather>Fair</weather>
	<temperature_string>14.0 F (-10.0 C)</temperature_string>
	<temp_f>14.0</temp_f>
	<temp_c>-10.0</temp_c>
	<relative_humidity>44</relative_humidity>
	<wind_string>East at 8.1 MPH (7 KT)</wind_string>
	<wind_dir>East</wind_dir>
	<wind_degrees>110</wind_degrees>
	<wind_mph>8.1</wind_mph>
	<wind_kt>7</wind_kt>
	<pressure_in>30.32</pressure_in>
	<dewpoint_string>-4.0 F (-20.0 C)</dewpoint_string>
	<dewpoint_f>-4.0</dewpoint_f>
	<dewpoint_c>-20.0</dewpoint_c>
	<windchill_string>3 F (-16 C)</windchill_string>
      	<windchill_f>3</windchill_f>
      	<windchill_c>-16</windchill_c>
	<visibility_mi>10.00</visibility_mi>
 	<icon_url_base>http://forecast.weather.gov/images/wtf/small/</icon_url_base>
	<two_day_history_url>http://www.weather.gov/data/obhistory/K33V.html</two_day_history_url>
	<icon_url_name>nskc.png</icon_url_name>
	<ob_url>http://www.weather.gov/data/METAR/K33V.1.txt</ob_url>
	<disclaimer_url>http://weather.gov/disclaimer.html</disclaimer_url>
	<copyright_url>http://weather.gov/disclaimer.html</copyright_url>
	<privacy_policy_url>http://weather.gov/notice.html</privacy_policy_url>
</current_observation>
