<?xml version="1.0" encoding="ISO-8859-1"?> 
<?xml-stylesheet href="latest_ob.xsl" type="text/xsl"?>
<current_observation version="1.0"
	 xmlns:xsd="http://www.w3.org/2001/XMLSchema"
	 xmlns:xsi="http://www.w3.org/2001/XMLSchema-instance"
	 xsi:noNamespaceSchemaLocation="http://www.weather.gov/view/current_observation.xsd">
	<credit>NOAA's National Weather Service</credit>
	<credit_URL>http://weather.gov/</credit_URL>
	<image>
		<url>http://weather.gov/images/xml_logo.gif</url>
		<title>NOAA's National Weather Service</title>
		<link>http://weather.gov</link>
	</image>
	<suggested_pickup>15 minutes after the hour</suggested_pickup>
	<suggested_pickup_period>60</suggested_pickup_period>
	<location>Clayton Lake, ME</location>
	<station_id>K40B</station_id>
	<latitude>46.617</latitude>
	<longitude>-69.533</longitude>
	<observation_time>Last Updated on Jan 23 2013, 7:25 am EST</observation_time>
        <observation_time_rfc822>Wed, 23 Jan 2013 07:25:00 -0500</observation_time_rfc822>
	<temperature_string>-19.0 F (-28.1 C)</temperature_string>
	<temp_f>-19.0</temp_f>
	<temp_c>-28.1</temp_c>
	<relative_humidity>70</relative_humidity>
	<wind_string>from the Variable at 6.9 gusting to 13.8 MPH (6 gusting to 12 KT)</wind_string>
	<wind_dir>Variable</wind_dir>
	<wind_degrees>999</wind_degrees>
	<wind_mph>6.9</wind_mph>
	<wind_gust_mph>13.8</wind_gust_mph>
	<wind_kt>6</wind_kt>
	<wind_gust_kt>12</wind_gust_kt>
	<pressure_string>1015.4 mb</pressure_string>
	<pressure_mb>1015.4</pressure_mb>
	<pressure_in>29.81</pressure_in>
	<dewpoint_string>-25.4 F (-31.9 C)</dewpoint_string>
	<dewpoint_f>-25.4</dewpoint_f>
	<dewpoint_c>-31.9</dewpoint_c>
	<windchill_string>-36 F (-38 C)</windchill_string>
      	<windchill_f>-36</windchill_f>
      	<windchill_c>-38</windchill_c>
	<two_day_history_url>http://www.weather.gov/data/obhistory/K40B.html</two_day_history_url>
	<ob_url>http://www.weather.gov/data/METAR/K40B.1.txt</ob_url>
	<disclaimer_url>http://weather.gov/disclaimer.html</disclaimer_url>
	<copyright_url>http://weather.gov/disclaimer.html</copyright_url>
	<privacy_policy_url>http://weather.gov/notice.html</privacy_policy_url>
</current_observation>
