<?xml version="1.0" encoding="ISO-8859-1"?> 
<?xml-stylesheet href="latest_ob.xsl" type="text/xsl"?>
<current_observation version="1.0"
	 xmlns:xsd="http://www.w3.org/2001/XMLSchema"
	 xmlns:xsi="http://www.w3.org/2001/XMLSchema-instance"
	 xsi:noNamespaceSchemaLocation="http://www.weather.gov/view/current_observation.xsd">
	<credit>NOAA's National Weather Service</credit>
	<credit_URL>http://weather.gov/</credit_URL>
	<image>
		<url>http://weather.gov/images/xml_logo.gif</url>
		<title>NOAA's National Weather Service</title>
		<link>http://weather.gov</link>
	</image>
	<suggested_pickup>15 minutes after the hour</suggested_pickup>
	<suggested_pickup_period>60</suggested_pickup_period>
	<location>Unknown Station</location>
	<station_id>K46D</station_id>
	<observation_time>Last Updated on Jan 23 2013, 7:55 am EST</observation_time>
        <observation_time_rfc822>Wed, 23 Jan 2013 07:55:00 -0500</observation_time_rfc822>
	<weather>Fair</weather>
	<temperature_string>-2.0 F (-19.0 C)</temperature_string>
	<temp_f>-2.0</temp_f>
	<temp_c>-19.0</temp_c>
	<relative_humidity>84</relative_humidity>
	<wind_string>Northwest at 6.9 MPH (6 KT)</wind_string>
	<wind_dir>Northwest</wind_dir>
	<wind_degrees>320</wind_degrees>
	<wind_mph>6.9</wind_mph>
	<wind_kt>6</wind_kt>
	<pressure_in>30.24</pressure_in>
	<dewpoint_string>-5.8 F (-21.0 C)</dewpoint_string>
	<dewpoint_f>-5.8</dewpoint_f>
	<dewpoint_c>-21.0</dewpoint_c>
	<windchill_string>-15 F (-26 C)</windchill_string>
      	<windchill_f>-15</windchill_f>
      	<windchill_c>-26</windchill_c>
	<visibility_mi>10.00</visibility_mi>
 	<icon_url_base>http://forecast.weather.gov/images/wtf/small/</icon_url_base>
	<two_day_history_url>http://www.weather.gov/data/obhistory/K46D.html</two_day_history_url>
	<icon_url_name>skc.png</icon_url_name>
	<ob_url>http://www.weather.gov/data/METAR/K46D.1.txt</ob_url>
	<disclaimer_url>http://weather.gov/disclaimer.html</disclaimer_url>
	<copyright_url>http://weather.gov/disclaimer.html</copyright_url>
	<privacy_policy_url>http://weather.gov/notice.html</privacy_policy_url>
</current_observation>
