<?xml version="1.0" encoding="ISO-8859-1"?> 
<?xml-stylesheet href="latest_ob.xsl" type="text/xsl"?>
<current_observation version="1.0"
	 xmlns:xsd="http://www.w3.org/2001/XMLSchema"
	 xmlns:xsi="http://www.w3.org/2001/XMLSchema-instance"
	 xsi:noNamespaceSchemaLocation="http://www.weather.gov/view/current_observation.xsd">
	<credit>NOAA's National Weather Service</credit>
	<credit_URL>http://weather.gov/</credit_URL>
	<image>
		<url>http://weather.gov/images/xml_logo.gif</url>
		<title>NOAA's National Weather Service</title>
		<link>http://weather.gov</link>
	</image>
	<suggested_pickup>15 minutes after the hour</suggested_pickup>
	<suggested_pickup_period>60</suggested_pickup_period>
	<location>Sisseton Municipal Airport, SD</location>
	<station_id>K8D3</station_id>
	<latitude>45.67</latitude>
	<longitude>-97</longitude>
	<observation_time>Last Updated on Jan 23 2013, 6:56 am CST</observation_time>
        <observation_time_rfc822>Wed, 23 Jan 2013 06:56:00 -0600</observation_time_rfc822>
	<temperature_string>7.0 F (-13.9 C)</temperature_string>
	<temp_f>7.0</temp_f>
	<temp_c>-13.9</temp_c>
	<relative_humidity>84</relative_humidity>
	<wind_string>from the North at 15.0 gusting to 21.9 MPH (13 gusting to 19 KT)</wind_string>
	<wind_dir>North</wind_dir>
	<wind_degrees>340</wind_degrees>
	<wind_mph>15.0</wind_mph>
	<wind_gust_mph>21.9</wind_gust_mph>
	<wind_kt>13</wind_kt>
	<wind_gust_kt>19</wind_gust_kt>
	<pressure_string>1026.5 mb</pressure_string>
	<pressure_mb>1026.5</pressure_mb>
	<pressure_in>30.19</pressure_in>
	<dewpoint_string>3.0 F (-16.1 C)</dewpoint_string>
	<dewpoint_f>3.0</dewpoint_f>
	<dewpoint_c>-16.1</dewpoint_c>
	<windchill_string>-10 F (-23 C)</windchill_string>
      	<windchill_f>-10</windchill_f>
      	<windchill_c>-23</windchill_c>
	<two_day_history_url>http://www.weather.gov/data/obhistory/K8D3.html</two_day_history_url>
	<ob_url>http://www.weather.gov/data/METAR/K8D3.1.txt</ob_url>
	<disclaimer_url>http://weather.gov/disclaimer.html</disclaimer_url>
	<copyright_url>http://weather.gov/disclaimer.html</copyright_url>
	<privacy_policy_url>http://weather.gov/notice.html</privacy_policy_url>
</current_observation>
