<?xml version="1.0" encoding="ISO-8859-1"?> 
<?xml-stylesheet href="latest_ob.xsl" type="text/xsl"?>
<current_observation version="1.0"
	 xmlns:xsd="http://www.w3.org/2001/XMLSchema"
	 xmlns:xsi="http://www.w3.org/2001/XMLSchema-instance"
	 xsi:noNamespaceSchemaLocation="http://www.weather.gov/view/current_observation.xsd">
	<credit>NOAA's National Weather Service</credit>
	<credit_URL>http://weather.gov/</credit_URL>
	<image>
		<url>http://weather.gov/images/xml_logo.gif</url>
		<title>NOAA's National Weather Service</title>
		<link>http://weather.gov</link>
	</image>
	<suggested_pickup>15 minutes after the hour</suggested_pickup>
	<suggested_pickup_period>60</suggested_pickup_period>
	<location>Chamberlain Municipal Airport, SD</location>
	<station_id>K9V9</station_id>
	<latitude>43.8</latitude>
	<longitude>-99.32</longitude>
	<observation_time>Last Updated on Jan 23 2013, 6:52 am CST</observation_time>
        <observation_time_rfc822>Wed, 23 Jan 2013 06:52:00 -0600</observation_time_rfc822>
	<temperature_string>11.0 F (-11.7 C)</temperature_string>
	<temp_f>11.0</temp_f>
	<temp_c>-11.7</temp_c>
	<relative_humidity>81</relative_humidity>
	<wind_string>Northwest at 3.5 MPH (3 KT)</wind_string>
	<wind_dir>Northwest</wind_dir>
	<wind_degrees>330</wind_degrees>
	<wind_mph>3.5</wind_mph>
	<wind_kt>3</wind_kt>
	<pressure_string>1026.2 mb</pressure_string>
	<pressure_mb>1026.2</pressure_mb>
	<pressure_in>30.21</pressure_in>
	<dewpoint_string>6.1 F (-14.4 C)</dewpoint_string>
	<dewpoint_f>6.1</dewpoint_f>
	<dewpoint_c>-14.4</dewpoint_c>
	<two_day_history_url>http://www.weather.gov/data/obhistory/K9V9.html</two_day_history_url>
	<ob_url>http://www.weather.gov/data/METAR/K9V9.1.txt</ob_url>
	<disclaimer_url>http://weather.gov/disclaimer.html</disclaimer_url>
	<copyright_url>http://weather.gov/disclaimer.html</copyright_url>
	<privacy_policy_url>http://weather.gov/notice.html</privacy_policy_url>
</current_observation>
