<?xml version="1.0" encoding="ISO-8859-1"?> 
<?xml-stylesheet href="latest_ob.xsl" type="text/xsl"?>
<current_observation version="1.0"
	 xmlns:xsd="http://www.w3.org/2001/XMLSchema"
	 xmlns:xsi="http://www.w3.org/2001/XMLSchema-instance"
	 xsi:noNamespaceSchemaLocation="http://www.weather.gov/view/current_observation.xsd">
	<credit>NOAA's National Weather Service</credit>
	<credit_URL>http://weather.gov/</credit_URL>
	<image>
		<url>http://weather.gov/images/xml_logo.gif</url>
		<title>NOAA's National Weather Service</title>
		<link>http://weather.gov</link>
	</image>
	<suggested_pickup>15 minutes after the hour</suggested_pickup>
	<suggested_pickup_period>60</suggested_pickup_period>
	<location>Aberdeen Regional Airport, SD</location>
	<station_id>KABR</station_id>
	<latitude>45.46</latitude>
	<longitude>-98.43</longitude>
	<observation_time>Last Updated on Jan 23 2013, 6:53 am CST</observation_time>
        <observation_time_rfc822>Wed, 23 Jan 2013 06:53:00 -0600</observation_time_rfc822>
	<weather>Fair</weather>
	<temperature_string>8.0 F (-13.3 C)</temperature_string>
	<temp_f>8.0</temp_f>
	<temp_c>-13.3</temp_c>
	<relative_humidity>76</relative_humidity>
	<wind_string>North at 11.5 MPH (10 KT)</wind_string>
	<wind_dir>North</wind_dir>
	<wind_degrees>340</wind_degrees>
	<wind_mph>11.5</wind_mph>
	<wind_kt>10</wind_kt>
	<pressure_string>1026.5 mb</pressure_string>
	<pressure_mb>1026.5</pressure_mb>
	<pressure_in>30.23</pressure_in>
	<dewpoint_string>1.9 F (-16.7 C)</dewpoint_string>
	<dewpoint_f>1.9</dewpoint_f>
	<dewpoint_c>-16.7</dewpoint_c>
	<windchill_string>-7 F (-22 C)</windchill_string>
      	<windchill_f>-7</windchill_f>
      	<windchill_c>-22</windchill_c>
	<visibility_mi>10.00</visibility_mi>
 	<icon_url_base>http://forecast.weather.gov/images/wtf/small/</icon_url_base>
	<two_day_history_url>http://www.weather.gov/data/obhistory/KABR.html</two_day_history_url>
	<icon_url_name>nskc.png</icon_url_name>
	<ob_url>http://www.weather.gov/data/METAR/KABR.1.txt</ob_url>
	<disclaimer_url>http://weather.gov/disclaimer.html</disclaimer_url>
	<copyright_url>http://weather.gov/disclaimer.html</copyright_url>
	<privacy_policy_url>http://weather.gov/notice.html</privacy_policy_url>
</current_observation>
