<?xml version="1.0" encoding="ISO-8859-1"?> 
<?xml-stylesheet href="latest_ob.xsl" type="text/xsl"?>
<current_observation version="1.0"
	 xmlns:xsd="http://www.w3.org/2001/XMLSchema"
	 xmlns:xsi="http://www.w3.org/2001/XMLSchema-instance"
	 xsi:noNamespaceSchemaLocation="http://www.weather.gov/view/current_observation.xsd">
	<credit>NOAA's National Weather Service</credit>
	<credit_URL>http://weather.gov/</credit_URL>
	<image>
		<url>http://weather.gov/images/xml_logo.gif</url>
		<title>NOAA's National Weather Service</title>
		<link>http://weather.gov</link>
	</image>
	<suggested_pickup>15 minutes after the hour</suggested_pickup>
	<suggested_pickup_period>60</suggested_pickup_period>
	<location>Bellaire, Antrim County Airport, MI</location>
	<station_id>KACB</station_id>
	<latitude>44.99</latitude>
	<longitude>-85.2</longitude>
	<observation_time>Last Updated on Jan 23 2013, 7:55 am EST</observation_time>
        <observation_time_rfc822>Wed, 23 Jan 2013 07:55:00 -0500</observation_time_rfc822>
	<weather>Snow</weather>
	<temperature_string>9.0 F (-13.0 C)</temperature_string>
	<temp_f>9.0</temp_f>
	<temp_c>-13.0</temp_c>
	<relative_humidity>84</relative_humidity>
	<wind_string>South at 4.6 MPH (4 KT)</wind_string>
	<wind_dir>South</wind_dir>
	<wind_degrees>180</wind_degrees>
	<wind_mph>4.6</wind_mph>
	<wind_kt>4</wind_kt>
	<pressure_in>30.10</pressure_in>
	<dewpoint_string>4.8 F (-15.1 C)</dewpoint_string>
	<dewpoint_f>4.8</dewpoint_f>
	<dewpoint_c>-15.1</dewpoint_c>
	<windchill_string>1 F (-17 C)</windchill_string>
      	<windchill_f>1</windchill_f>
      	<windchill_c>-17</windchill_c>
	<visibility_mi>1.25</visibility_mi>
 	<icon_url_base>http://forecast.weather.gov/images/wtf/small/</icon_url_base>
	<two_day_history_url>http://www.weather.gov/data/obhistory/KACB.html</two_day_history_url>
	<icon_url_name>sn.png</icon_url_name>
	<ob_url>http://www.weather.gov/data/METAR/KACB.1.txt</ob_url>
	<disclaimer_url>http://weather.gov/disclaimer.html</disclaimer_url>
	<copyright_url>http://weather.gov/disclaimer.html</copyright_url>
	<privacy_policy_url>http://weather.gov/notice.html</privacy_policy_url>
</current_observation>
