<?xml version="1.0" encoding="ISO-8859-1"?> 
<?xml-stylesheet href="latest_ob.xsl" type="text/xsl"?>
<current_observation version="1.0"
	 xmlns:xsd="http://www.w3.org/2001/XMLSchema"
	 xmlns:xsi="http://www.w3.org/2001/XMLSchema-instance"
	 xsi:noNamespaceSchemaLocation="http://www.weather.gov/view/current_observation.xsd">
	<credit>NOAA's National Weather Service</credit>
	<credit_URL>http://weather.gov/</credit_URL>
	<image>
		<url>http://weather.gov/images/xml_logo.gif</url>
		<title>NOAA's National Weather Service</title>
		<link>http://weather.gov</link>
	</image>
	<suggested_pickup>15 minutes after the hour</suggested_pickup>
	<suggested_pickup_period>60</suggested_pickup_period>
	<location>Atlantic City International Airport, NJ</location>
	<station_id>KACY</station_id>
	<latitude>39.46</latitude>
	<longitude>-74.57</longitude>
	<observation_time>Last Updated on Jan 23 2013, 7:54 am EST</observation_time>
        <observation_time_rfc822>Wed, 23 Jan 2013 07:54:00 -0500</observation_time_rfc822>
	<weather>Fair</weather>
	<temperature_string>10.0 F (-12.2 C)</temperature_string>
	<temp_f>10.0</temp_f>
	<temp_c>-12.2</temp_c>
	<relative_humidity>61</relative_humidity>
	<wind_string>West at 6.9 MPH (6 KT)</wind_string>
	<wind_dir>West</wind_dir>
	<wind_degrees>260</wind_degrees>
	<wind_mph>6.9</wind_mph>
	<wind_kt>6</wind_kt>
	<pressure_string>1026.1 mb</pressure_string>
	<pressure_mb>1026.1</pressure_mb>
	<pressure_in>30.30</pressure_in>
	<dewpoint_string>-0.9 F (-18.3 C)</dewpoint_string>
	<dewpoint_f>-0.9</dewpoint_f>
	<dewpoint_c>-18.3</dewpoint_c>
	<windchill_string>-1 F (-18 C)</windchill_string>
      	<windchill_f>-1</windchill_f>
      	<windchill_c>-18</windchill_c>
	<visibility_mi>10.00</visibility_mi>
 	<icon_url_base>http://forecast.weather.gov/images/wtf/small/</icon_url_base>
	<two_day_history_url>http://www.weather.gov/data/obhistory/KACY.html</two_day_history_url>
	<icon_url_name>skc.png</icon_url_name>
	<ob_url>http://www.weather.gov/data/METAR/KACY.1.txt</ob_url>
	<disclaimer_url>http://weather.gov/disclaimer.html</disclaimer_url>
	<copyright_url>http://weather.gov/disclaimer.html</copyright_url>
	<privacy_policy_url>http://weather.gov/notice.html</privacy_policy_url>
</current_observation>
