<?xml version="1.0" encoding="ISO-8859-1"?> 
<?xml-stylesheet href="latest_ob.xsl" type="text/xsl"?>
<current_observation version="1.0"
	 xmlns:xsd="http://www.w3.org/2001/XMLSchema"
	 xmlns:xsi="http://www.w3.org/2001/XMLSchema-instance"
	 xsi:noNamespaceSchemaLocation="http://www.weather.gov/view/current_observation.xsd">
	<credit>NOAA's National Weather Service</credit>
	<credit_URL>http://weather.gov/</credit_URL>
	<image>
		<url>http://weather.gov/images/xml_logo.gif</url>
		<title>NOAA's National Weather Service</title>
		<link>http://weather.gov</link>
	</image>
	<suggested_pickup>15 minutes after the hour</suggested_pickup>
	<suggested_pickup_period>60</suggested_pickup_period>
	<location>Jaffrey Municipal-Silver Ranch Airport, NH</location>
	<station_id>KAFN</station_id>
	<latitude>42.8</latitude>
	<longitude>-72</longitude>
	<observation_time>Last Updated on Jan 23 2013, 7:52 am EST</observation_time>
        <observation_time_rfc822>Wed, 23 Jan 2013 07:52:00 -0500</observation_time_rfc822>
	<weather>Fair</weather>
	<temperature_string>1.0 F (-17.2 C)</temperature_string>
	<temp_f>1.0</temp_f>
	<temp_c>-17.2</temp_c>
	<relative_humidity>46</relative_humidity>
	<wind_string>West at 4.6 MPH (4 KT)</wind_string>
	<wind_dir>West</wind_dir>
	<wind_degrees>250</wind_degrees>
	<wind_mph>4.6</wind_mph>
	<wind_kt>4</wind_kt>
	<pressure_string>1019.5 mb</pressure_string>
	<pressure_mb>1019.5</pressure_mb>
	<pressure_in>30.02</pressure_in>
	<dewpoint_string>-15.0 F (-26.1 C)</dewpoint_string>
	<dewpoint_f>-15.0</dewpoint_f>
	<dewpoint_c>-26.1</dewpoint_c>
	<windchill_string>-9 F (-23 C)</windchill_string>
      	<windchill_f>-9</windchill_f>
      	<windchill_c>-23</windchill_c>
	<visibility_mi>10.00</visibility_mi>
 	<icon_url_base>http://forecast.weather.gov/images/wtf/small/</icon_url_base>
	<two_day_history_url>http://www.weather.gov/data/obhistory/KAFN.html</two_day_history_url>
	<icon_url_name>skc.png</icon_url_name>
	<ob_url>http://www.weather.gov/data/METAR/KAFN.1.txt</ob_url>
	<disclaimer_url>http://weather.gov/disclaimer.html</disclaimer_url>
	<copyright_url>http://weather.gov/disclaimer.html</copyright_url>
	<privacy_policy_url>http://weather.gov/notice.html</privacy_policy_url>
</current_observation>
