<?xml version="1.0" encoding="ISO-8859-1"?> 
<?xml-stylesheet href="latest_ob.xsl" type="text/xsl"?>
<current_observation version="1.0"
	 xmlns:xsd="http://www.w3.org/2001/XMLSchema"
	 xmlns:xsi="http://www.w3.org/2001/XMLSchema-instance"
	 xsi:noNamespaceSchemaLocation="http://www.weather.gov/view/current_observation.xsd">
	<credit>NOAA's National Weather Service</credit>
	<credit_URL>http://weather.gov/</credit_URL>
	<image>
		<url>http://weather.gov/images/xml_logo.gif</url>
		<title>NOAA's National Weather Service</title>
		<link>http://weather.gov</link>
	</image>
	<suggested_pickup>15 minutes after the hour</suggested_pickup>
	<suggested_pickup_period>60</suggested_pickup_period>
	<location>Corona Airport, CA</location>
	<station_id>KAJO</station_id>
	<latitude>33.87</latitude>
	<longitude>-117.57</longitude>
	<observation_time>Last Updated on Jan 23 2013, 4:56 am PST</observation_time>
        <observation_time_rfc822>Wed, 23 Jan 2013 04:56:00 -0800</observation_time_rfc822>
	<weather>Fair</weather>
	<temperature_string>46.0 F (7.7 C)</temperature_string>
	<temp_f>46.0</temp_f>
	<temp_c>7.7</temp_c>
	<relative_humidity>61</relative_humidity>
	<wind_string>Calm</wind_string>
	<wind_dir>North</wind_dir>
	<wind_degrees>0</wind_degrees>
	<wind_mph>0.0</wind_mph>
	<wind_kt>0</wind_kt>
	<pressure_string>1017.5 mb</pressure_string>
	<pressure_mb>1017.5</pressure_mb>
	<pressure_in>30.06</pressure_in>
	<dewpoint_string>32.9 F (0.5 C)</dewpoint_string>
	<dewpoint_f>32.9</dewpoint_f>
	<dewpoint_c>0.5</dewpoint_c>
	<visibility_mi>10.00</visibility_mi>
 	<icon_url_base>http://forecast.weather.gov/images/wtf/small/</icon_url_base>
	<two_day_history_url>http://www.weather.gov/data/obhistory/KAJO.html</two_day_history_url>
	<icon_url_name>nskc.png</icon_url_name>
	<ob_url>http://www.weather.gov/data/METAR/KAJO.1.txt</ob_url>
	<disclaimer_url>http://weather.gov/disclaimer.html</disclaimer_url>
	<copyright_url>http://weather.gov/disclaimer.html</copyright_url>
	<privacy_policy_url>http://weather.gov/notice.html</privacy_policy_url>
</current_observation>
