<?xml version="1.0" encoding="ISO-8859-1"?> 
<?xml-stylesheet href="latest_ob.xsl" type="text/xsl"?>
<current_observation version="1.0"
	 xmlns:xsd="http://www.w3.org/2001/XMLSchema"
	 xmlns:xsi="http://www.w3.org/2001/XMLSchema-instance"
	 xsi:noNamespaceSchemaLocation="http://www.weather.gov/view/current_observation.xsd">
	<credit>NOAA's National Weather Service</credit>
	<credit_URL>http://weather.gov/</credit_URL>
	<image>
		<url>http://weather.gov/images/xml_logo.gif</url>
		<title>NOAA's National Weather Service</title>
		<link>http://weather.gov</link>
	</image>
	<suggested_pickup>15 minutes after the hour</suggested_pickup>
	<suggested_pickup_period>60</suggested_pickup_period>
	<location>Akron Fulton International Airport, OH</location>
	<station_id>KAKR</station_id>
	<latitude>41.033</latitude>
	<longitude>-81.467</longitude>
	<observation_time>Last Updated on Jan 23 2013, 7:54 am EST</observation_time>
        <observation_time_rfc822>Wed, 23 Jan 2013 07:54:00 -0500</observation_time_rfc822>
	<weather>Mostly Cloudy</weather>
	<temperature_string>5.0 F (-15.0 C)</temperature_string>
	<temp_f>5.0</temp_f>
	<temp_c>-15.0</temp_c>
	<relative_humidity>72</relative_humidity>
	<wind_string>Southwest at 8.1 MPH (7 KT)</wind_string>
	<wind_dir>Southwest</wind_dir>
	<wind_degrees>240</wind_degrees>
	<wind_mph>8.1</wind_mph>
	<wind_kt>7</wind_kt>
	<pressure_string>1026.3 mb</pressure_string>
	<pressure_mb>1026.3</pressure_mb>
	<pressure_in>30.24</pressure_in>
	<dewpoint_string>-2.0 F (-18.9 C)</dewpoint_string>
	<dewpoint_f>-2.0</dewpoint_f>
	<dewpoint_c>-18.9</dewpoint_c>
	<windchill_string>-8 F (-22 C)</windchill_string>
      	<windchill_f>-8</windchill_f>
      	<windchill_c>-22</windchill_c>
	<visibility_mi>10.00</visibility_mi>
 	<icon_url_base>http://forecast.weather.gov/images/wtf/small/</icon_url_base>
	<two_day_history_url>http://www.weather.gov/data/obhistory/KAKR.html</two_day_history_url>
	<icon_url_name>bkn.png</icon_url_name>
	<ob_url>http://www.weather.gov/data/METAR/KAKR.1.txt</ob_url>
	<disclaimer_url>http://weather.gov/disclaimer.html</disclaimer_url>
	<copyright_url>http://weather.gov/disclaimer.html</copyright_url>
	<privacy_policy_url>http://weather.gov/notice.html</privacy_policy_url>
</current_observation>
