<?xml version="1.0" encoding="ISO-8859-1"?> 
<?xml-stylesheet href="latest_ob.xsl" type="text/xsl"?>
<current_observation version="1.0"
	 xmlns:xsd="http://www.w3.org/2001/XMLSchema"
	 xmlns:xsi="http://www.w3.org/2001/XMLSchema-instance"
	 xsi:noNamespaceSchemaLocation="http://www.weather.gov/view/current_observation.xsd">
	<credit>NOAA's National Weather Service</credit>
	<credit_URL>http://weather.gov/</credit_URL>
	<image>
		<url>http://weather.gov/images/xml_logo.gif</url>
		<title>NOAA's National Weather Service</title>
		<link>http://weather.gov</link>
	</image>
	<suggested_pickup>15 minutes after the hour</suggested_pickup>
	<suggested_pickup_period>60</suggested_pickup_period>
	<location>Alton / St. Louis Regional, IL</location>
	<station_id>KALN</station_id>
	<latitude>38.91</latitude>
	<longitude>-90.05</longitude>
	<observation_time>Last Updated on Jan 23 2013, 6:50 am CST</observation_time>
        <observation_time_rfc822>Wed, 23 Jan 2013 06:50:00 -0600</observation_time_rfc822>
	<weather>Clear</weather>
	<temperature_string>16.0 F (-9.0 C)</temperature_string>
	<temp_f>16.0</temp_f>
	<temp_c>-9.0</temp_c>
	<relative_humidity>86</relative_humidity>
	<wind_string>Southeast at 6.9 MPH (6 KT)</wind_string>
	<wind_dir>Southeast</wind_dir>
	<wind_degrees>120</wind_degrees>
	<wind_mph>6.9</wind_mph>
	<wind_kt>6</wind_kt>
	<pressure_in>30.31</pressure_in>
	<dewpoint_string>12.2 F (-11.0 C)</dewpoint_string>
	<dewpoint_f>12.2</dewpoint_f>
	<dewpoint_c>-11.0</dewpoint_c>
	<windchill_string>6 F (-14 C)</windchill_string>
      	<windchill_f>6</windchill_f>
      	<windchill_c>-14</windchill_c>
	<visibility_mi>8.00</visibility_mi>
 	<icon_url_base>http://forecast.weather.gov/images/wtf/small/</icon_url_base>
	<two_day_history_url>http://www.weather.gov/data/obhistory/KALN.html</two_day_history_url>
	<icon_url_name>nskc.png</icon_url_name>
	<ob_url>http://www.weather.gov/data/METAR/KALN.1.txt</ob_url>
	<disclaimer_url>http://weather.gov/disclaimer.html</disclaimer_url>
	<copyright_url>http://weather.gov/disclaimer.html</copyright_url>
	<privacy_policy_url>http://weather.gov/notice.html</privacy_policy_url>
</current_observation>
