<?xml version="1.0" encoding="ISO-8859-1"?> 
<?xml-stylesheet href="latest_ob.xsl" type="text/xsl"?>
<current_observation version="1.0"
	 xmlns:xsd="http://www.w3.org/2001/XMLSchema"
	 xmlns:xsi="http://www.w3.org/2001/XMLSchema-instance"
	 xsi:noNamespaceSchemaLocation="http://www.weather.gov/view/current_observation.xsd">
	<credit>NOAA's National Weather Service</credit>
	<credit_URL>http://weather.gov/</credit_URL>
	<image>
		<url>http://weather.gov/images/xml_logo.gif</url>
		<title>NOAA's National Weather Service</title>
		<link>http://weather.gov</link>
	</image>
	<suggested_pickup>15 minutes after the hour</suggested_pickup>
	<suggested_pickup_period>60</suggested_pickup_period>
	<location>Alamosa Muni(awos), CO</location>
	<station_id>KALS</station_id>
	<latitude>37.46</latitude>
	<longitude>-105.87</longitude>
	<observation_time>Last Updated on Jan 23 2013, 5:52 am MST</observation_time>
        <observation_time_rfc822>Wed, 23 Jan 2013 05:52:00 -0700</observation_time_rfc822>
	<weather>Fair</weather>
	<temperature_string>-19.0 F (-28.3 C)</temperature_string>
	<temp_f>-19.0</temp_f>
	<temp_c>-28.3</temp_c>
	<relative_humidity>73</relative_humidity>
	<wind_string>East at 3.5 MPH (3 KT)</wind_string>
	<wind_dir>East</wind_dir>
	<wind_degrees>80</wind_degrees>
	<wind_mph>3.5</wind_mph>
	<wind_kt>3</wind_kt>
	<pressure_string>1044.6 mb</pressure_string>
	<pressure_mb>1044.6</pressure_mb>
	<pressure_in>30.43</pressure_in>
	<dewpoint_string>-25.1 F (-31.7 C)</dewpoint_string>
	<dewpoint_f>-25.1</dewpoint_f>
	<dewpoint_c>-31.7</dewpoint_c>
	<visibility_mi>10.00</visibility_mi>
 	<icon_url_base>http://forecast.weather.gov/images/wtf/small/</icon_url_base>
	<two_day_history_url>http://www.weather.gov/data/obhistory/KALS.html</two_day_history_url>
	<icon_url_name>nskc.png</icon_url_name>
	<ob_url>http://www.weather.gov/data/METAR/KALS.1.txt</ob_url>
	<disclaimer_url>http://weather.gov/disclaimer.html</disclaimer_url>
	<copyright_url>http://weather.gov/disclaimer.html</copyright_url>
	<privacy_policy_url>http://weather.gov/notice.html</privacy_policy_url>
</current_observation>
