<?xml version="1.0" encoding="ISO-8859-1"?> 
<?xml-stylesheet href="latest_ob.xsl" type="text/xsl"?>
<current_observation version="1.0"
	 xmlns:xsd="http://www.w3.org/2001/XMLSchema"
	 xmlns:xsi="http://www.w3.org/2001/XMLSchema-instance"
	 xsi:noNamespaceSchemaLocation="http://www.weather.gov/view/current_observation.xsd">
	<credit>NOAA's National Weather Service</credit>
	<credit_URL>http://weather.gov/</credit_URL>
	<image>
		<url>http://weather.gov/images/xml_logo.gif</url>
		<title>NOAA's National Weather Service</title>
		<link>http://weather.gov</link>
	</image>
	<suggested_pickup>15 minutes after the hour</suggested_pickup>
	<suggested_pickup_period>60</suggested_pickup_period>
	<location>Ames Municipal Airport, IA</location>
	<station_id>KAMW</station_id>
	<latitude>41.99</latitude>
	<longitude>-93.62</longitude>
	<observation_time>Last Updated on Jan 23 2013, 6:53 am CST</observation_time>
        <observation_time_rfc822>Wed, 23 Jan 2013 06:53:00 -0600</observation_time_rfc822>
	<weather>A Few Clouds</weather>
	<temperature_string>9.0 F (-12.8 C)</temperature_string>
	<temp_f>9.0</temp_f>
	<temp_c>-12.8</temp_c>
	<relative_humidity>80</relative_humidity>
	<wind_string>Calm</wind_string>
	<wind_dir>North</wind_dir>
	<wind_degrees>0</wind_degrees>
	<wind_mph>0.0</wind_mph>
	<wind_kt>0</wind_kt>
	<pressure_string>1023.4 mb</pressure_string>
	<pressure_mb>1023.4</pressure_mb>
	<pressure_in>30.17</pressure_in>
	<dewpoint_string>3.9 F (-15.6 C)</dewpoint_string>
	<dewpoint_f>3.9</dewpoint_f>
	<dewpoint_c>-15.6</dewpoint_c>
	<visibility_mi>10.00</visibility_mi>
 	<icon_url_base>http://forecast.weather.gov/images/wtf/small/</icon_url_base>
	<two_day_history_url>http://www.weather.gov/data/obhistory/KAMW.html</two_day_history_url>
	<icon_url_name>nfew.png</icon_url_name>
	<ob_url>http://www.weather.gov/data/METAR/KAMW.1.txt</ob_url>
	<disclaimer_url>http://weather.gov/disclaimer.html</disclaimer_url>
	<copyright_url>http://weather.gov/disclaimer.html</copyright_url>
	<privacy_policy_url>http://weather.gov/notice.html</privacy_policy_url>
</current_observation>
