<?xml version="1.0" encoding="ISO-8859-1"?> 
<?xml-stylesheet href="latest_ob.xsl" type="text/xsl"?>
<current_observation version="1.0"
	 xmlns:xsd="http://www.w3.org/2001/XMLSchema"
	 xmlns:xsi="http://www.w3.org/2001/XMLSchema-instance"
	 xsi:noNamespaceSchemaLocation="http://www.weather.gov/view/current_observation.xsd">
	<credit>NOAA's National Weather Service</credit>
	<credit_URL>http://weather.gov/</credit_URL>
	<image>
		<url>http://weather.gov/images/xml_logo.gif</url>
		<title>NOAA's National Weather Service</title>
		<link>http://weather.gov</link>
	</image>
	<suggested_pickup>15 minutes after the hour</suggested_pickup>
	<suggested_pickup_period>60</suggested_pickup_period>
	<location>Salida/Harriet Alexander Field, CO</location>
	<station_id>KANK</station_id>
	<latitude>38.5383</latitude>
	<longitude>-106.049</longitude>
	<observation_time>Last Updated on Jan 23 2013, 5:55 am MST</observation_time>
        <observation_time_rfc822>Wed, 23 Jan 2013 05:55:00 -0700</observation_time_rfc822>
	<weather>Fair</weather>
	<temperature_string>25.0 F (-3.9 C)</temperature_string>
	<temp_f>25.0</temp_f>
	<temp_c>-3.9</temp_c>
	<relative_humidity>21</relative_humidity>
	<wind_string>North at 9.2 MPH (8 KT)</wind_string>
	<wind_dir>North</wind_dir>
	<wind_degrees>340</wind_degrees>
	<wind_mph>9.2</wind_mph>
	<wind_kt>8</wind_kt>
	<pressure_in>30.43</pressure_in>
	<dewpoint_string>-9.8 F (-23.2 C)</dewpoint_string>
	<dewpoint_f>-9.8</dewpoint_f>
	<dewpoint_c>-23.2</dewpoint_c>
	<windchill_string>16 F (-9 C)</windchill_string>
      	<windchill_f>16</windchill_f>
      	<windchill_c>-9</windchill_c>
	<visibility_mi>10.00</visibility_mi>
 	<icon_url_base>http://forecast.weather.gov/images/wtf/small/</icon_url_base>
	<two_day_history_url>http://www.weather.gov/data/obhistory/KANK.html</two_day_history_url>
	<icon_url_name>nskc.png</icon_url_name>
	<ob_url>http://www.weather.gov/data/METAR/KANK.1.txt</ob_url>
	<disclaimer_url>http://weather.gov/disclaimer.html</disclaimer_url>
	<copyright_url>http://weather.gov/disclaimer.html</copyright_url>
	<privacy_policy_url>http://weather.gov/notice.html</privacy_policy_url>
</current_observation>
