<?xml version="1.0" encoding="ISO-8859-1"?> 
<?xml-stylesheet href="latest_ob.xsl" type="text/xsl"?>
<current_observation version="1.0"
	 xmlns:xsd="http://www.w3.org/2001/XMLSchema"
	 xmlns:xsi="http://www.w3.org/2001/XMLSchema-instance"
	 xsi:noNamespaceSchemaLocation="http://www.weather.gov/view/current_observation.xsd">
	<credit>NOAA's National Weather Service</credit>
	<credit_URL>http://weather.gov/</credit_URL>
	<image>
		<url>http://weather.gov/images/xml_logo.gif</url>
		<title>NOAA's National Weather Service</title>
		<link>http://weather.gov</link>
	</image>
	<suggested_pickup>15 minutes after the hour</suggested_pickup>
	<suggested_pickup_period>60</suggested_pickup_period>
	<location>Altoona-Blair County Airport, PA</location>
	<station_id>KAOO</station_id>
	<latitude>40.3</latitude>
	<longitude>-78.32</longitude>
	<observation_time>Last Updated on Jan 23 2013, 7:53 am EST</observation_time>
        <observation_time_rfc822>Wed, 23 Jan 2013 07:53:00 -0500</observation_time_rfc822>
	<weather>Overcast</weather>
	<temperature_string>6.0 F (-14.4 C)</temperature_string>
	<temp_f>6.0</temp_f>
	<temp_c>-14.4</temp_c>
	<relative_humidity>66</relative_humidity>
	<wind_string>West at 8.1 MPH (7 KT)</wind_string>
	<wind_dir>West</wind_dir>
	<wind_degrees>260</wind_degrees>
	<wind_mph>8.1</wind_mph>
	<wind_kt>7</wind_kt>
	<pressure_string>1025.4 mb</pressure_string>
	<pressure_mb>1025.4</pressure_mb>
	<pressure_in>30.18</pressure_in>
	<dewpoint_string>-2.9 F (-19.4 C)</dewpoint_string>
	<dewpoint_f>-2.9</dewpoint_f>
	<dewpoint_c>-19.4</dewpoint_c>
	<windchill_string>-7 F (-22 C)</windchill_string>
      	<windchill_f>-7</windchill_f>
      	<windchill_c>-22</windchill_c>
	<visibility_mi>10.00</visibility_mi>
 	<icon_url_base>http://forecast.weather.gov/images/wtf/small/</icon_url_base>
	<two_day_history_url>http://www.weather.gov/data/obhistory/KAOO.html</two_day_history_url>
	<icon_url_name>ovc.png</icon_url_name>
	<ob_url>http://www.weather.gov/data/METAR/KAOO.1.txt</ob_url>
	<disclaimer_url>http://weather.gov/disclaimer.html</disclaimer_url>
	<copyright_url>http://weather.gov/disclaimer.html</copyright_url>
	<privacy_policy_url>http://weather.gov/notice.html</privacy_policy_url>
</current_observation>
